Респ Адыгея, г Адыгейск;Адыгейск;UTC+3;44.878414;39.190289
г Майкоп;Майкоп;UTC+3;44.6098268;40.1006606
г Горно-Алтайск;Горно-Алтайск;UTC+7;51.9581028;85.9603235
Алтайский край, г Алейск;Алейск;UTC+7;52.4922513;82.7793606
г Барнаул;Барнаул;UTC+7;53.3479968;83.7798064
Алтайский край, г Белокуриха;Белокуриха;UTC+7;51.996152;84.9839604
Алтайский край, г Бийск;Бийск;UTC+7;52.5393864;85.2138453
Алтайский край, г Горняк;Горняк;UTC+7;50.9979622;81.4643358
Алтайский край, г Заринск;Заринск;UTC+7;53.7063476;84.9315081
Алтайский край, г Змеиногорск;Змеиногорск;UTC+7;51.1581094;82.1872547
Алтайский край, г Камень-на-Оби;Камень-на-Оби;UTC+7;53.7913974;81.3545053
Алтайский край, г Новоалтайск;Новоалтайск;UTC+7;53.4119759;83.9311069
Алтайский край, г Рубцовск;Рубцовск;UTC+7;51.5012067;81.2078695
Алтайский край, г Славгород;Славгород;UTC+7;52.999463;78.6459232
Алтайский край, г Яровое;Яровое;UTC+7;52.9252146;78.5729775
Амурская обл, г Белогорск;Белогорск;UTC+9;50.9213415;128.4739471
г Благовещенск;Благовещенск;UTC+9;50.290659;127.527198
Амурская обл, г Завитинск;Завитинск;UTC+9;50.1064111;129.4391813
Амурская обл, г Зея;Зея;UTC+9;53.7340088;127.265787
Амурская обл, г Райчихинск;Райчихинск;UTC+9;49.7941615;129.4112492
Амурская обл, г Свободный;Свободный;UTC+9;51.3614103;128.1219729
Амурская обл, г Сковородино;Сковородино;UTC+9;53.9871095;123.9437205
Амурская обл, г Тында;Тында;UTC+9;55.1546441;124.7468904
Амурская обл, г Циолковский;Циолковский;UTC+9;51.762481;128.1219846
Амурская обл, г Шимановск;Шимановск;UTC+9;52.0051886;127.7005458
г Архангельск;Архангельск;UTC+3;64.5394289;40.5169606
Архангельская обл, г Вельск;Вельск;UTC+3;61.066;42.1032789
Архангельская обл, г Каргополь;Каргополь;UTC+3;61.5009724;38.9636966
Архангельская обл, г Коряжма;Коряжма;UTC+3;61.2885948;47.1003015
Архангельская обл, г Котлас;Котлас;UTC+3;61.2528972;46.633242
Архангельская обл, г Мезень;Мезень;UTC+3;65.8398078;44.2532273
Архангельская обл, г Мирный;Мирный;UTC+3;62.7645265;40.3360076
Архангельская обл, г Новодвинск;Новодвинск;UTC+3;64.4136851;40.8208143
Архангельская обл, г Няндома;Няндома;UTC+3;61.6654674;40.2062947
Архангельская обл, г Онега;Онега;UTC+3;63.9162928;38.0805031
Архангельская обл, г Северодвинск;Северодвинск;UTC+3;64.5625385;39.8180934
Архангельская обл, Котласский р-н, г Сольвычегодск;Сольвычегодск;UTC+3;61.3319616;46.920441
Архангельская обл, г Шенкурск;Шенкурск;UTC+3;62.1057272;42.8996973
г Астрахань;Астрахань;UTC+4;46.3655652;48.0559236
Астраханская обл, г Ахтубинск;Ахтубинск;UTC+4;48.2752034;46.1906462
Астраханская обл, г Знаменск;Знаменск;UTC+4;48.5866291;45.7368019
Астраханская обл, г Камызяк;Камызяк;UTC+4;46.110579;48.07333
Астраханская обл, г Нариманов;Нариманов;UTC+4;46.6916565;47.8502476
Астраханская обл, г Харабали;Харабали;UTC+4;47.408999;47.2525345
Респ Башкортостан, г Агидель;Агидель;UTC+5;55.8999056;53.9220144
Респ Башкортостан, г Баймак;Баймак;UTC+5;52.5912896;58.3110998
Респ Башкортостан, г Белебей;Белебей;UTC+5;54.1034582;54.1113129
Респ Башкортостан, г Белорецк;Белорецк;UTC+5;53.9676488;58.4100419
Респ Башкортостан, г Бирск;Бирск;UTC+5;55.4155753;55.5582214
Респ Башкортостан, г Благовещенск;Благовещенск;UTC+5;55.0499867;55.9553186
Респ Башкортостан, г Давлеканово;Давлеканово;UTC+5;54.2226707;55.0312373
Респ Башкортостан, г Дюртюли;Дюртюли;UTC+5;55.4848318;54.8524765
Респ Башкортостан, г Ишимбай;Ишимбай;UTC+5;53.4545764;56.0438751
Респ Башкортостан, г Кумертау;Кумертау;UTC+5;52.7564939;55.7970197
Респ Башкортостан, г Межгорье;Межгорье;UTC+5;54.2397689;57.9614547
Респ Башкортостан, г Мелеуз;Мелеуз;UTC+5;52.9589532;55.9282838
Респ Башкортостан, г Нефтекамск;Нефтекамск;UTC+5;56.088377;54.2483061
Респ Башкортостан, г Октябрьский;Октябрьский;UTC+5;54.4815311;53.4655972
Респ Башкортостан, г Салават;Салават;UTC+5;53.3616974;55.9245224
Респ Башкортостан, г Сибай;Сибай;UTC+5;52.7204651;58.6663783
Респ Башкортостан, г Стерлитамак;Стерлитамак;UTC+5;53.6300864;55.9317089
Респ Башкортостан, г Туймазы;Туймазы;UTC+5;54.5999224;53.6950623
г Уфа;Уфа;UTC+5;54.734944;55.9578468
Респ Башкортостан, г Учалы;Учалы;UTC+5;54.3067375;59.4125461
Респ Башкортостан, г Янаул;Янаул;UTC+5;56.2650146;54.929907
Белгородская обл, г Алексеевка;Алексеевка;UTC+3;50.6299647;38.6880342
г Белгород;Белгород;UTC+3;50.5976472;36.5856652
Белгородская обл, г Бирюч;Бирюч;UTC+3;50.6484585;38.4005083
Белгородская обл, г Валуйки;Валуйки;UTC+3;50.2111207;38.0998772
Белгородская обл, г Грайворон;Грайворон;UTC+3;50.4862958;35.6663877
Белгородская обл, г Губкин;Губкин;UTC+3;51.2837123;37.5347759
Белгородская обл, г Короча;Короча;UTC+3;50.8129041;37.1896436
Белгородская обл, г Новый Оскол;Новый Оскол;UTC+3;50.7633747;37.8775484
Белгородская обл, г Старый Оскол;Старый Оскол;UTC+3;51.2967101;37.8350182
Белгородская обл, г Строитель;Строитель;UTC+3;50.7845099;36.4887648
Белгородская обл, г Шебекино;Шебекино;UTC+3;50.4004883;36.8877889
г Брянск;Брянск;UTC+3;53.2419535;34.3652146
Брянская обл, г Дятьково;Дятьково;UTC+3;53.5958178;34.3551812
Брянская обл, г Жуковка;Жуковка;UTC+3;53.5340397;33.7302579
Брянская обл, г Злынка;Злынка;UTC+3;52.4267015;31.7360399
Брянская обл, г Карачев;Карачев;UTC+3;53.1296524;34.9888727
Брянская обл, г Клинцы;Клинцы;UTC+3;52.7529119;32.233911
Брянская обл, г Мглин;Мглин;UTC+3;53.0599771;32.8468129
Брянская обл, г Новозыбков;Новозыбков;UTC+3;52.537173;31.9357991
Брянская обл, г Почеп;Почеп;UTC+3;52.9154851;33.4744058
Брянская обл, г Севск;Севск;UTC+3;52.1483358;34.4918415
Брянская обл, г Сельцо;Сельцо;UTC+3;53.3739884;34.1059172
Брянская обл, г Стародуб;Стародуб;UTC+3;52.5852257;32.760403
Брянская обл, г Сураж;Сураж;UTC+3;53.0170888;32.3938878
Брянская обл, г Трубчевск;Трубчевск;UTC+3;52.5791734;33.7660547
Брянская обл, г Унеча;Унеча;UTC+3;52.8461199;32.6757629
Брянская обл, г Фокино;Фокино;UTC+3;53.4554145;34.4159238
Респ Бурятия, Кабанский р-н, г Бабушкин;Бабушкин;UTC+8;51.7112755;105.8673219
Респ Бурятия, г Гусиноозерск;Гусиноозерск;UTC+8;51.2865048;106.5230319
Респ Бурятия, г Закаменск;Закаменск;UTC+8;50.372713;103.286699
Респ Бурятия, г Кяхта;Кяхта;UTC+8;50.346543;106.4533516
Респ Бурятия, г Северобайкальск;Северобайкальск;UTC+8;55.635614;109.3361505
г Улан-Удэ;Улан-Удэ;UTC+8;51.8335853;107.5842223
Владимирская обл, г Александров;Александров;UTC+3;56.391819;38.7111123
г Владимир;Владимир;UTC+3;56.1280804;40.4084376
Владимирская обл, г Вязники;Вязники;UTC+3;56.29773;42.2687398
Владимирская обл, г Гороховец;Гороховец;UTC+3;56.2021036;42.6926111
Владимирская обл, г Гусь-Хрустальный;Гусь-Хрустальный;UTC+3;55.6198751;40.6579929
Владимирская обл, г Камешково;Камешково;UTC+3;56.3490152;40.9955183
Владимирская обл, Александровский р-н, г Карабаново;Карабаново;UTC+3;56.3131822;38.7034257
Владимирская обл, г Киржач;Киржач;UTC+3;56.1486863;38.8635701
Владимирская обл, г Ковров;Ковров;UTC+3;56.3554349;41.3170576
Владимирская обл, г Кольчугино;Кольчугино;UTC+3;56.3327254;39.391336
Владимирская обл, Петушинский р-н, г Костерево;Костерево;UTC+3;55.9337222;39.6247398
Владимирская обл, Гусь-Хрустальный р-н, г Курлово;Курлово;UTC+3;55.452698;40.6124108
Владимирская обл, Собинский р-н, г Лакинск;Лакинск;UTC+3;56.0180587;39.956551
Владимирская обл, г Меленки;Меленки;UTC+3;55.3387515;41.6340046
Владимирская обл, г Муром;Муром;UTC+3;55.5630311;42.0231362
Владимирская обл, г Петушки;Петушки;UTC+3;55.9298134;39.4508075
Владимирская обл, Петушинский р-н, г Покров;Покров;UTC+3;55.9166398;39.1734526
Владимирская обл, г Радужный;Радужный;UTC+3;55.9960277;40.3321855
Владимирская обл, г Собинка;Собинка;UTC+3;55.9939169;40.0179653
Владимирская обл, Александровский р-н, г Струнино;Струнино;UTC+3;56.3749967;38.5839667
Владимирская обл, г Судогда;Судогда;UTC+3;55.9498056;40.8562939
Владимирская обл, г Суздаль;Суздаль;UTC+3;56.4274441;40.4525692
Владимирская обл, г Юрьев-Польский;Юрьев-Польский;UTC+3;56.4937757;39.6680539
г Волгоград;Волгоград;UTC+3;48.7070042;44.5170339
Волгоградская обл, г Волжский;Волжский;UTC+3;48.7978209;44.7462538
Волгоградская обл, г Дубовка;Дубовка;UTC+3;49.0554742;44.8270085
Волгоградская обл, г Жирновск;Жирновск;UTC+3;50.9768814;44.7858202
Волгоградская обл, г Калач-на-Дону;Калач-на-Дону;UTC+3;48.6889024;43.5306303
Волгоградская обл, г Камышин;Камышин;UTC+3;50.0651529;45.3844202
Волгоградская обл, г Котельниково;Котельниково;UTC+3;47.6310259;43.1330872
Волгоградская обл, г Котово;Котово;UTC+3;50.3205766;44.8030699
Волгоградская обл, Среднеахтубинский р-н, г Краснослободск;Краснослободск;UTC+3;48.7068721;44.5630857
Волгоградская обл, г Ленинск;Ленинск;UTC+3;48.6936061;45.1992692
Волгоградская обл, г Михайловка;Михайловка;UTC+3;50.0708719;43.2401512
Волгоградская обл, г Николаевск;Николаевск;UTC+3;50.0165306;45.4731658
Волгоградская обл, г Новоаннинский;Новоаннинский;UTC+3;50.5296067;42.6666439
Волгоградская обл, г Палласовка;Палласовка;UTC+3;50.0500944;46.8804277
Волгоградская обл, Камышинский р-н, г Петров Вал;Петров Вал;UTC+3;50.1380557;45.20914
Волгоградская обл, г Серафимович;Серафимович;UTC+3;49.5663183;42.7360402
Волгоградская обл, г Суровикино;Суровикино;UTC+3;48.618917;42.8541163
Волгоградская обл, г Урюпинск;Урюпинск;UTC+3;50.7903789;42.0288513
Волгоградская обл, г Фролово;Фролово;UTC+3;49.7649148;43.6648641
Вологодская обл, г Бабаево;Бабаево;UTC+3;59.3892583;35.9377058
Вологодская обл, г Белозерск;Белозерск;UTC+3;60.0308381;37.7890586
Вологодская обл, г Великий Устюг;Великий Устюг;UTC+3;60.7603913;46.3054414
г Вологда;Вологда;UTC+3;59.2483905;39.8355662
Вологодская обл, г Вытегра;Вытегра;UTC+3;61.0063465;36.4495137
Вологодская обл, г Грязовец;Грязовец;UTC+3;58.8757553;40.2485362
Вологодская обл, Сокольский р-н, г Кадников;Кадников;UTC+3;59.5037764;40.3441148
Вологодская обл, г Кириллов;Кириллов;UTC+3;59.8591523;38.3748782
Вологодская обл, Великоустюгский р-н, г Красавино;Красавино;UTC+3;60.9612823;46.4814116
Вологодская обл, г Никольск;Никольск;UTC+3;59.5351837;45.4576137
Вологодская обл, г Сокол;Сокол;UTC+3;59.4758605;40.1114187
Вологодская обл, г Тотьма;Тотьма;UTC+3;59.9734998;42.7589506
Вологодская обл, г Устюжна;Устюжна;UTC+3;58.8383117;36.4425478
Вологодская обл, г Харовск;Харовск;UTC+3;59.9479423;40.2000298
Вологодская обл, г Череповец;Череповец;UTC+3;59.1269212;37.9090497
Воронежская обл, г Бобров;Бобров;UTC+3;51.0901649;40.0318256
Воронежская обл, г Богучар;Богучар;UTC+3;49.9352454;40.5590801
Воронежская обл, г Борисоглебск;Борисоглебск;UTC+3;51.3655754;42.1008334
Воронежская обл, г Бутурлиновка;Бутурлиновка;UTC+3;50.8311818;40.5976923
г Воронеж;Воронеж;UTC+3;51.6593332;39.1969229
Воронежская обл, г Калач;Калач;UTC+3;50.4242134;41.0162014
Воронежская обл, г Лиски;Лиски;UTC+3;50.9945626;39.5184909
Воронежская обл, г Нововоронеж;Нововоронеж;UTC+3;51.3091524;39.2162843
Воронежская обл, г Новохоперск;Новохоперск;UTC+3;51.0952211;41.6173404
Воронежская обл, г Острогожск;Острогожск;UTC+3;50.8677905;39.0407746
Воронежская обл, г Павловск;Павловск;UTC+3;50.453455;40.136874
Воронежская обл, г Поворино;Поворино;UTC+3;51.1954419;42.2472726
Воронежская обл, г Россошь;Россошь;UTC+3;50.1701949;39.6226965
Воронежская обл, г Семилуки;Семилуки;UTC+3;51.6951644;39.0190454
Воронежская обл, г Эртиль;Эртиль;UTC+3;51.830932;40.8074182
Респ Дагестан, г Буйнакск;Буйнакск;UTC+3;42.8214424;47.1165263
Респ Дагестан, г Дагестанские Огни;Дагестанские Огни;UTC+3;42.1152296;48.1939354
Респ Дагестан, г Дербент;Дербент;UTC+3;42.058966;48.2907452
Респ Дагестан, г Избербаш;Избербаш;UTC+3;42.5650962;47.8710051
Респ Дагестан, г Каспийск;Каспийск;UTC+3;42.8916007;47.6367066
Респ Дагестан, г Кизилюрт;Кизилюрт;UTC+3;43.203825;46.8729636
Респ Дагестан, г Кизляр;Кизляр;UTC+3;43.8484083;46.7233699
г Махачкала;Махачкала;UTC+3;42.9849159;47.5047181
Респ Дагестан, г Хасавюрт;Хасавюрт;UTC+3;43.2504665;46.5851292
Респ Дагестан, г Южно-Сухокумск;Южно-Сухокумск;UTC+3;44.6602467;45.6499523
г Биробиджан;Биробиджан;UTC+10;48.7946446;132.9217207
Еврейская Аобл, г Облучье;Облучье;UTC+10;49.0189345;131.0540102
Забайкальский край, г Балей;Балей;UTC+9;51.5823759;116.6379549
Забайкальский край, г Борзя;Борзя;UTC+9;50.3876058;116.5234779
Забайкальский край, г Краснокаменск;Краснокаменск;UTC+9;50.0929703;118.0323936
Забайкальский край, г Могоча;Могоча;UTC+9;53.7361398;119.7660867
Забайкальский край, г Нерчинск;Нерчинск;UTC+9;51.9594977;116.5852383
Забайкальский край, г Петровск-Забайкальский;Петровск-Забайкальский;UTC+9;51.2748592;108.846681
Забайкальский край, г Сретенск;Сретенск;UTC+9;52.2461454;117.7117842
Забайкальский край, г Хилок;Хилок;UTC+9;51.3634856;110.4590898
г Чита;Чита;UTC+9;52.0340142;113.4994
Забайкальский край, г Шилка;Шилка;UTC+9;51.8497035;116.0334461
Ивановская обл, г Вичуга;Вичуга;UTC+3;57.2044698;41.9132201
Ивановская обл, г Гаврилов Посад;Гаврилов Посад;UTC+3;56.5586946;40.1228906
Ивановская обл, г Заволжск;Заволжск;UTC+3;57.4918141;42.1375625
г Иваново;Иваново;UTC+3;56.9993792;40.9728272
Ивановская обл, г Кинешма;Кинешма;UTC+3;57.4425463;42.168914
Ивановская обл, г Комсомольск;Комсомольск;UTC+3;57.0273052;40.3776851
Ивановская обл, г Кохма;Кохма;UTC+3;56.9324606;41.0931657
Ивановская обл, Кинешемский р-н, г Наволоки;Наволоки;UTC+3;57.4679066;41.9608002
Ивановская обл, Приволжский р-н, г Плес;Плес;UTC+3;57.4606031;41.5122672
Ивановская обл, г Приволжск;Приволжск;UTC+3;57.3805743;41.2808565
Ивановская обл, г Пучеж;Пучеж;UTC+3;56.9820688;43.1683321
Ивановская обл, г Родники;Родники;UTC+3;57.1025975;41.7298834
Ивановская обл, г Тейково;Тейково;UTC+3;56.8542719;40.5353874
Ивановская обл, г Фурманов;Фурманов;UTC+3;57.2539276;41.1054432
Ивановская обл, г Шуя;Шуя;UTC+3;56.8560234;41.3800939
Ивановская обл, г Южа;Южа;UTC+3;56.5926877;42.0458099
Ивановская обл, г Юрьевец;Юрьевец;UTC+3;57.3177781;43.1110401
Респ Ингушетия, г Карабулак;Карабулак;UTC+3;43.3055248;44.9094582
г Магас;Магас;UTC+3;43.1688611;44.8131207
Респ Ингушетия, г Малгобек;Малгобек;UTC+3;43.5096646;44.5901963
Респ Ингушетия, г Назрань;Назрань;UTC+3;43.2257841;44.7645779
Респ Ингушетия, г Сунжа;Сунжа;UTC+3;43.3204196;45.0476331
Иркутская обл, Нижнеудинский р-н, г Алзамай;Алзамай;UTC+8;55.5551233;98.6643699
Иркутская обл, г Ангарск;Ангарск;UTC+8;52.544879;103.888543
Иркутская обл, Слюдянский р-н, г Байкальск;Байкальск;UTC+8;51.5230393;104.1487532
Иркутская обл, Тайшетский р-н, г Бирюсинск;Бирюсинск;UTC+8;55.9609167;97.8205348
Иркутская обл, г Бодайбо;Бодайбо;UTC+8;57.8468636;114.1866287
Иркутская обл, г Братск;Братск;UTC+8;56.1513108;101.6340035
Иркутская обл, Братский р-н, г Вихоревка;Вихоревка;UTC+8;56.1208145;101.1702926
Иркутская обл, г Железногорск-Илимский;Железногорск-Илимский;UTC+8;56.5847888;104.114275
Иркутская обл, г Зима;Зима;UTC+8;53.920693;102.0491772
г Иркутск;Иркутск;UTC+8;52.2864036;104.2807466
Иркутская обл, г Киренск;Киренск;UTC+8;57.7756595;108.1109412
Иркутская обл, г Нижнеудинск;Нижнеудинск;UTC+8;54.8968931;99.0314056
Иркутская обл, г Саянск;Саянск;UTC+8;54.1107238;102.18015
Иркутская обл, г Свирск;Свирск;UTC+8;53.0842668;103.3364093
Иркутская обл, г Слюдянка;Слюдянка;UTC+8;51.6563983;103.7187545
Иркутская обл, г Тайшет;Тайшет;UTC+8;55.9405334;98.0030145
Иркутская обл, г Тулун;Тулун;UTC+8;54.557162;100.5780603
Иркутская обл, г Усолье-Сибирское;Усолье-Сибирское;UTC+8;52.7565808;103.6388109
Иркутская обл, г Усть-Илимск;Усть-Илимск;UTC+8;57.9430504;102.7415734
Иркутская обл, г Усть-Кут;Усть-Кут;UTC+8;56.7928178;105.7757343
Иркутская обл, г Черемхово;Черемхово;UTC+8;53.1369095;103.0901268
Иркутская обл, г Шелехов;Шелехов;UTC+8;52.2102538;104.0973294
Респ Кабардино-Балкарская, г Баксан;Баксан;UTC+3;43.6819137;43.5345036
Респ Кабардино-Балкарская, г Майский;Майский;UTC+3;43.6281516;44.0517314
г Нальчик;Нальчик;UTC+3;43.4845464;43.60713
Респ Кабардино-Балкарская, г Нарткала;Нарткала;UTC+3;43.5578075;43.8575925
Респ Кабардино-Балкарская, г Прохладный;Прохладный;UTC+3;43.7589602;44.0102409
Респ Кабардино-Балкарская, г Терек;Терек;UTC+3;43.4839358;44.1402161
Респ Кабардино-Балкарская, г Тырныауз;Тырныауз;UTC+3;43.3981585;42.9213582
Респ Кабардино-Балкарская, г Чегем;Чегем;UTC+3;43.5671525;43.5865792
Калининградская обл, г Багратионовск;Багратионовск;UTC+2;54.3866518;20.6418091
Калининградская обл, г Балтийск;Балтийск;UTC+2;54.6513372;19.9140572
Калининградская обл, г Гвардейск;Гвардейск;UTC+2;54.6588378;21.0501388
Калининградская обл, г Гурьевск;Гурьевск;UTC+2;54.770638;20.6039767
Калининградская обл, г Гусев;Гусев;UTC+2;54.5915455;22.1942445
Калининградская обл, г Зеленоградск;Зеленоградск;UTC+2;54.9600185;20.4753652
г Калининград;Калининград;UTC+2;54.7074702;20.5073241
Калининградская обл, г Краснознаменск;Краснознаменск;UTC+2;54.9453423;22.4928745
Калининградская обл, г Ладушкин;Ладушкин;UTC+2;54.5692156;20.1690153
Калининградская обл, г Мамоново;Мамоново;UTC+2;54.4646036;19.9453482
Калининградская обл, г Неман;Неман;UTC+2;55.0316524;22.0324064
Калининградская обл, г Нестеров;Нестеров;UTC+2;54.6313814;22.5713736
Калининградская обл, г Озерск;Озерск;UTC+2;54.4084705;22.0134438
Калининградская обл, г Пионерский;Пионерский;UTC+2;54.9516574;20.2277424
Калининградская обл, г Полесск;Полесск;UTC+2;54.8625126;21.0998067
Калининградская обл, г Правдинск;Правдинск;UTC+2;54.4430986;21.0085269
Калининградская обл, Балтийский р-н, г Приморск;Приморск;UTC+2;54.7311437;19.9981926
Калининградская обл, г Светлогорск;Светлогорск;UTC+2;54.9439286;20.1514295
Калининградская обл, г Светлый;Светлый;UTC+2;54.6772897;20.1357595
Калининградская обл, г Славск;Славск;UTC+2;55.0449714;21.6742367
Калининградская обл, г Советск;Советск;UTC+2;55.0809336;21.8886106
Калининградская обл, г Черняховск;Черняховск;UTC+2;54.6244751;21.7969062
Респ Калмыкия, г Городовиковск;Городовиковск;UTC+3;46.0875083;41.935537
Респ Калмыкия, г Лагань;Лагань;UTC+3;45.3930912;47.3432602
г Элиста;Элиста;UTC+3;46.3083344;44.2702088
Калужская обл, Боровский р-н, г Балабаново;Балабаново;UTC+3;55.1773714;36.6566951
Калужская обл, Жуковский р-н, г Белоусово;Белоусово;UTC+3;55.0956803;36.677629
Калужская обл, г Боровск;Боровск;UTC+3;55.2130096;36.4926251
Калужская обл, Боровский р-н, г Ермолино;Ермолино;UTC+3;55.1971758;36.5952722
Калужская обл, г Жиздра;Жиздра;UTC+3;53.7521926;34.7386592
Калужская обл, г Жуков;Жуков;UTC+3;55.0301833;36.7394903
г Калуга;Калуга;UTC+3;54.5059848;36.2516245
Калужская обл, г Киров;Киров;UTC+3;54.0790111;34.3076201
Калужская обл, г Козельск;Козельск;UTC+3;54.0347201;35.780768
Калужская обл, г Кондрово;Кондрово;UTC+3;54.7959473;35.9274842
Калужская обл, Жуковский р-н, г Кременки;Кременки;UTC+3;54.8862447;37.1168701
Калужская обл, г Людиново;Людиново;UTC+3;53.8700828;34.4385915
Калужская обл, г Малоярославец;Малоярославец;UTC+3;55.0177123;36.4633603
Калужская обл, г Медынь;Медынь;UTC+3;54.9689785;35.8872168
Калужская обл, г Мещовск;Мещовск;UTC+3;54.3191471;35.2816918
Калужская обл, г Мосальск;Мосальск;UTC+3;54.4824939;34.9872239
Калужская обл, г Обнинск;Обнинск;UTC+3;55.0943144;36.6121639
Калужская обл, Козельский р-н, г Сосенский;Сосенский;UTC+3;54.0566016;35.9621646
Калужская обл, г Спас-Деменск;Спас-Деменск;UTC+3;54.409922;34.0189631
Калужская обл, г Сухиничи;Сухиничи;UTC+3;54.097296;35.3443568
Калужская обл, Тарусский р-н, г Таруса;Таруса;UTC+3;54.7236477;37.1671
Калужская обл, г Юхнов;Юхнов;UTC+3;54.7446445;35.2424346
Камчатский край, г Вилючинск;Вилючинск;UTC+12;52.9302415;158.4057632
Камчатский край, г Елизово;Елизово;UTC+12;53.1830375;158.3883548
г Петропавловск-Камчатский;Петропавловск-Камчатский;UTC+12;53.036908;158.6559254
Респ Карачаево-Черкесская, г Карачаевск;Карачаевск;UTC+3;43.7732525;41.9143472
Респ Карачаево-Черкесская, г Теберда;Теберда;UTC+3;43.4437731;41.7415142
Респ Карачаево-Черкесская, г Усть-Джегута;Усть-Джегута;UTC+3;44.0838442;41.9711046
г Черкесск;Черкесск;UTC+3;44.2269425;42.0466704
Респ Карелия, г Беломорск;Беломорск;UTC+3;64.5378417;34.7799462
Респ Карелия, Кемский р-н, г Кемь;Кемь;UTC+3;64.9543539;34.5949263
Респ Карелия, г Кондопога;Кондопога;UTC+3;62.2059817;34.2682122
Респ Карелия, г Костомукша;Костомукша;UTC+3;64.5889398;30.6016832
Респ Карелия, г Лахденпохья;Лахденпохья;UTC+3;61.518881;30.1996116
Респ Карелия, г Медвежьегорск;Медвежьегорск;UTC+3;62.9127626;34.4568489
Респ Карелия, г Олонец;Олонец;UTC+3;60.9794025;32.9725519
г Петрозаводск;Петрозаводск;UTC+3;61.7891264;34.3596434
Респ Карелия, г Питкяранта;Питкяранта;UTC+3;61.5757191;31.4640557
Респ Карелия, г Пудож;Пудож;UTC+3;61.8058821;36.5329941
Респ Карелия, г Сегежа;Сегежа;UTC+3;63.7437572;34.3126982
Респ Карелия, г Сортавала;Сортавала;UTC+3;61.703367;30.6916998
Респ Карелия, г Суоярви;Суоярви;UTC+3;62.0787293;32.3499386
Кемеровская область - Кузбасс, г Анжеро-Судженск;Анжеро-Судженск;UTC+7;56.0786281;86.0201278
Кемеровская область - Кузбасс, г Белово;Белово;UTC+7;54.4220968;86.3037373
Кемеровская область - Кузбасс, г Березовский;Березовский;UTC+7;55.6693513;86.2744459
Кемеровская область - Кузбасс, г Гурьевск;Гурьевск;UTC+7;54.2859263;85.9475985
Кемеровская область - Кузбасс, г Калтан;Калтан;UTC+7;53.5210919;87.2771636
г Кемерово;Кемерово;UTC+7;55.3910651;86.0467781
Кемеровская область - Кузбасс, г Киселевск;Киселевск;UTC+7;54.0059999;86.6366116
Кемеровская область - Кузбасс, г Ленинск-Кузнецкий;Ленинск-Кузнецкий;UTC+7;54.6674492;86.1797324
Кемеровская область - Кузбасс, г Мариинск;Мариинск;UTC+7;56.2127383;87.7454924
Кемеровская область - Кузбасс, г Междуреченск;Междуреченск;UTC+7;53.6865289;88.0702754
Кемеровская область - Кузбасс, г Мыски;Мыски;UTC+7;53.7125695;87.8055646
Кемеровская область - Кузбасс, г Новокузнецк;Новокузнецк;UTC+7;53.794315;87.2142745
Кемеровская область - Кузбасс, г Осинники;Осинники;UTC+7;53.5988055;87.3371272
Кемеровская область - Кузбасс, г Полысаево;Полысаево;UTC+7;54.6055;86.2809208
Кемеровская область - Кузбасс, г Прокопьевск;Прокопьевск;UTC+7;53.8604265;86.7183577
Кемеровская область - Кузбасс, Гурьевский р-н, г Салаир;Салаир;UTC+7;54.2351735;85.8030733
Кемеровская область - Кузбасс, г Тайга;Тайга;UTC+7;56.0622131;85.6207182
Кемеровская область - Кузбасс, г Таштагол;Таштагол;UTC+7;52.759313;87.8476546
Кемеровская область - Кузбасс, г Топки;Топки;UTC+7;55.2764707;85.6152619
Кемеровская область - Кузбасс, г Юрга;Юрга;UTC+7;55.7202694;84.8886399
Кировская обл, г Белая Холуница;Белая Холуница;UTC+3;58.8415239;50.8460699
Кировская обл, г Вятские Поляны;Вятские Поляны;UTC+3;56.2284817;51.0614855
Кировская обл, г Зуевка;Зуевка;UTC+3;58.4032152;51.1331606
г Киров;Киров;UTC+3;58.6035264;49.6679304
Кировская обл, г Кирово-Чепецк;Кирово-Чепецк;UTC+3;58.5559424;50.0316848
Кировская обл, г Кирс;Кирс;UTC+3;59.340056;52.2414437
Кировская обл, г Котельнич;Котельнич;UTC+3;58.3034832;48.3475597
Кировская обл, г Луза;Луза;UTC+3;60.6290609;47.2612445
Кировская обл, г Малмыж;Малмыж;UTC+3;56.5243844;50.6782739
Кировская обл, г Мураши;Мураши;UTC+3;59.3955383;48.9638417
Кировская обл, г Нолинск;Нолинск;UTC+3;57.5597284;49.93575
Кировская обл, г Омутнинск;Омутнинск;UTC+3;58.6698913;52.1894564
Кировская обл, г Орлов;Орлов;UTC+3;58.5389776;48.8927723
Кировская обл, г Слободской;Слободской;UTC+3;58.7311574;50.1669249
Кировская обл, г Советск;Советск;UTC+3;57.584196;48.9590272
Кировская обл, Вятскополянский р-н, г Сосновка;Сосновка;UTC+3;56.2532741;51.2833642
Кировская обл, г Уржум;Уржум;UTC+3;57.1097477;50.0058097
Кировская обл, г Яранск;Яранск;UTC+3;57.3040326;47.8478737
Респ Коми, г Воркута;Воркута;UTC+3;67.4974082;64.061034
Респ Коми, г Вуктыл;Вуктыл;UTC+3;63.8615274;57.3165402
Респ Коми, г Емва;Емва;UTC+3;62.5965137;50.8732125
Респ Коми, г Инта;Инта;UTC+3;66.0367316;60.1152961
Респ Коми, Усть-Вымский р-н, г Микунь;Микунь;UTC+3;62.3579068;50.0719503
Респ Коми, г Печора;Печора;UTC+3;65.148584;57.2239777
Респ Коми, г Сосногорск;Сосногорск;UTC+3;63.5989841;53.876293
г Сыктывкар;Сыктывкар;UTC+3;61.6686617;50.8358151
Респ Коми, г Усинск;Усинск;UTC+3;65.994147;57.5569423
Респ Коми, г Ухта;Ухта;UTC+3;63.5565514;53.7014239
Костромская обл, г Буй;Буй;UTC+3;58.4733277;41.5306822
Костромская обл, г Волгореченск;Волгореченск;UTC+3;57.4424559;41.1594201
Костромская обл, г Галич;Галич;UTC+3;58.3828191;42.3654013
Костромская обл, г Кологрив;Кологрив;UTC+3;58.8269323;44.3184927
г Кострома;Кострома;UTC+3;57.768;40.927
Костромская обл, г Макарьев;Макарьев;UTC+3;57.8807152;43.8014197
Костромская обл, г Мантурово;Мантурово;UTC+3;58.3265441;44.757494
Костромская обл, г Нерехта;Нерехта;UTC+3;57.4543369;40.5723598
Костромская обл, г Нея;Нея;UTC+3;58.2943349;43.8780948
Костромская обл, г Солигалич;Солигалич;UTC+3;59.0784867;42.2878423
Костромская обл, г Чухлома;Чухлома;UTC+3;58.753421;42.6884958
Костромская обл, г Шарья;Шарья;UTC+3;58.3760542;45.4062414
Краснодарский край, г Абинск;Абинск;UTC+3;44.8679655;38.1618157
Краснодарский край, г Анапа;Анапа;UTC+3;44.8950433;37.3163282
Краснодарский край, г Апшеронск;Апшеронск;UTC+3;44.4584006;39.7299824
Краснодарский край, г Армавир;Армавир;UTC+3;45.0012149;41.1324168
Краснодарский край, г Белореченск;Белореченск;UTC+3;44.7651876;39.8781494
Краснодарский край, г Геленджик;Геленджик;UTC+3;44.5630007;38.0790852
Краснодарский край, г Горячий Ключ;Горячий Ключ;UTC+3;44.6344864;39.1354738
Краснодарский край, г Гулькевичи;Гулькевичи;UTC+3;45.3605121;40.6918389
Краснодарский край, г Ейск;Ейск;UTC+3;46.71157;38.2763895
Краснодарский край, г Кореновск;Кореновск;UTC+3;45.4641703;39.458949
г Краснодар;Краснодар;UTC+3;45.0401604;38.9759647
Краснодарский край, Кавказский р-н, г Кропоткин;Кропоткин;UTC+3;45.4333007;40.5727951
Краснодарский край, г Крымск;Крымск;UTC+3;44.9344404;37.9855795
Краснодарский край, г Курганинск;Курганинск;UTC+3;44.8877025;40.5913245
Краснодарский край, г Лабинск;Лабинск;UTC+3;44.6354363;40.7245341
Краснодарский край, г Новокубанск;Новокубанск;UTC+3;45.1038699;41.0475175
Краснодарский край, г Новороссийск;Новороссийск;UTC+3;44.7235026;37.7686135
Краснодарский край, г Приморско-Ахтарск;Приморско-Ахтарск;UTC+3;46.0515432;38.1704875
Краснодарский край, г Славянск-на-Кубани;Славянск-на-Кубани;UTC+3;45.2603626;38.1259774
Краснодарский край, г Сочи;Сочи;UTC+3;43.5854551;39.7231548
Краснодарский край, г Темрюк;Темрюк;UTC+3;45.2610949;37.4454412
Краснодарский край, г Тимашевск;Тимашевск;UTC+3;45.615923;38.9351837
Краснодарский край, г Тихорецк;Тихорецк;UTC+3;45.8546345;40.1260267
Краснодарский край, г Туапсе;Туапсе;UTC+3;44.1105335;39.0824904
Краснодарский край, г Усть-Лабинск;Усть-Лабинск;UTC+3;45.2227359;39.6929577
Краснодарский край, Апшеронский р-н, г Хадыженск;Хадыженск;UTC+3;44.4122963;39.5320258
Красноярский край, Курагинский р-н, г Артемовск;Артемовск;UTC+7;54.3473075;93.4358377
Красноярский край, г Ачинск;Ачинск;UTC+7;56.253907;90.4794397
Красноярский край, г Боготол;Боготол;UTC+7;56.2098468;89.5299336
Красноярский край, г Бородино;Бородино;UTC+7;55.9054121;94.9020967
Красноярский край, г Дивногорск;Дивногорск;UTC+7;55.9576784;92.3800687
Красноярский край, г Дудинка;Дудинка;UTC+7;69.4031364;86.1907218
Красноярский край, г Енисейск;Енисейск;UTC+7;58.4485261;92.1651083
Красноярский край, г Железногорск;Железногорск;UTC+7;56.2529035;93.532273
Красноярский край, Рыбинский р-н, г Заозерный;Заозерный;UTC+7;55.9617752;94.7091491
Красноярский край, г Зеленогорск;Зеленогорск;UTC+7;56.1131564;94.5888103
Красноярский край, Туруханский р-н, г Игарка;Игарка;UTC+7;67.4666901;86.5812794
Красноярский край, г Иланский;Иланский;UTC+7;56.2374037;96.067267
Красноярский край, г Канск;Канск;UTC+7;56.2051282;95.7051096
Красноярский край, г Кодинск;Кодинск;UTC+7;58.6032644;99.1797962
г Красноярск;Красноярск;UTC+7;56.0093879;92.8524806
Красноярский край, г Лесосибирск;Лесосибирск;UTC+7;58.221681;92.5037872
Красноярский край, г Минусинск;Минусинск;UTC+7;53.7104586;91.6872907
Красноярский край, г Назарово;Назарово;UTC+7;56.0113799;90.4168775
Красноярский край, г Норильск;Норильск;UTC+7;69.3489978;88.2009846
Красноярский край, г Сосновоборск;Сосновоборск;UTC+7;56.1202647;93.3354121
Красноярский край, г Ужур;Ужур;UTC+7;55.3141969;89.8333918
Красноярский край, г Уяр;Уяр;UTC+7;55.8131263;94.3282601
Красноярский край, г Шарыпово;Шарыпово;UTC+7;55.5389739;89.1801044
Респ Крым, г Ялта, г Алупка;Ялта;UTC+3;44.4164605;34.0444797
Респ Крым, г Алушта;Алушта;UTC+3;44.6764304;34.4100624
Респ Крым, г Армянск;Армянск;UTC+3;46.1059307;33.6910012
Респ Крым, Бахчисарайский р-н, г Бахчисарай;Бахчисарай;UTC+3;44.7514769;33.8752176
Респ Крым, Белогорский р-н, г Белогорск;Белогорск;UTC+3;45.057202;34.5999029
Респ Крым, г Джанкой;Джанкой;UTC+3;45.7092306;34.3883372
Респ Крым, г Евпатория;Евпатория;UTC+3;45.190629;33.367634
Респ Крым, г Керчь;Керчь;UTC+3;45.3562627;36.4674513
Респ Крым, г Красноперекопск;Красноперекопск;UTC+3;45.9537576;33.7921939
Респ Крым, г Саки;Саки;UTC+3;45.1341997;33.6033383
Респ Крым, г Симферополь;Симферополь;UTC+3;44.9482948;34.1001151
Респ Крым, Кировский р-н, г Старый Крым;Старый Крым;UTC+3;45.029058;35.0901474
Респ Крым, г Судак;Судак;UTC+3;44.8504679;34.9762034
Респ Крым, г Феодосия;Феодосия;UTC+3;45.0318393;35.3824259
Респ Крым, Ленинский р-н, г Щелкино;Щелкино;UTC+3;45.4288991;35.825165
Респ Крым, г Ялта;Ялта;UTC+3;44.4953612;34.166308
Курганская обл, г Далматово;Далматово;UTC+5;56.262114;62.9387011
Курганская обл, г Катайск;Катайск;UTC+5;56.290809;62.5800359
г Курган;Курган;UTC+5;55.4443883;65.3161963
Курганская обл, г Куртамыш;Куртамыш;UTC+5;54.9368539;64.4203722
Курганская обл, г Макушино;Макушино;UTC+5;55.2153947;67.2451705
Курганская обл, г Петухово;Петухово;UTC+5;55.0650077;67.8873408
Курганская обл, г Шадринск;Шадринск;UTC+5;56.0870344;63.6297182
Курганская обл, г Шумиха;Шумиха;UTC+5;55.2280246;63.2901272
Курганская обл, г Щучье;Щучье;UTC+5;55.2087637;62.7478548
Курская обл, Дмитриевский р-н, г Дмитриев;Дмитриев;UTC+3;52.1268464;35.0739038
Курская обл, г Железногорск;Железногорск;UTC+3;52.3380202;35.3516867
г Курск;Курск;UTC+3;51.7303637;36.1925603
Курская обл, г Курчатов;Курчатов;UTC+3;51.6604083;35.6572224
Курская обл, г Льгов;Льгов;UTC+3;51.6597148;35.2612491
Курская обл, г Обоянь;Обоянь;UTC+3;51.2119324;36.2755133
Курская обл, г Рыльск;Рыльск;UTC+3;51.5681314;34.6802597
Курская обл, г Суджа;Суджа;UTC+3;51.1918927;35.2720915
Курская обл, г Фатеж;Фатеж;UTC+3;52.0917728;35.8538706
Курская обл, г Щигры;Щигры;UTC+3;51.8786014;36.8910945
Ленинградская обл, г Бокситогорск;Бокситогорск;UTC+3;59.4734797;33.845688
Ленинградская обл, г Волосово;Волосово;UTC+3;59.4445408;29.4923355
Ленинградская обл, г Волхов;Волхов;UTC+3;59.9005958;32.3520756
Ленинградская обл, г Всеволожск;Всеволожск;UTC+3;60.0191278;30.6456718
Ленинградская обл, г Выборг;Выборг;UTC+3;60.7130801;28.7328336
Ленинградская обл, Выборгский р-н, г Высоцк;Высоцк;UTC+3;60.6296236;28.5709314
Ленинградская обл, г Гатчина;Гатчина;UTC+3;59.565237;30.1282473
Ленинградская обл, Кингисеппский р-н, г Ивангород;Ивангород;UTC+3;59.3766119;28.2231659
Ленинградская обл, Выборгский р-н, г Каменногорск;Каменногорск;UTC+3;60.950855;29.1308372
Ленинградская обл, г Кингисепп;Кингисепп;UTC+3;59.3740435;28.6112444
Ленинградская обл, г Кириши;Кириши;UTC+3;59.4742862;32.0624947
Ленинградская обл, г Кировск;Кировск;UTC+3;59.8754216;30.981364
Ленинградская обл, Гатчинский р-н, г Коммунар;Коммунар;UTC+3;59.6215133;30.3934125
Ленинградская обл, Всеволожский р-н, г Кудрово;Кудрово;UTC+3;59.9075226;30.5121008
Ленинградская обл, г Лодейное Поле;Лодейное Поле;UTC+3;60.7320936;33.5521022
Ленинградская обл, г Луга;Луга;UTC+3;58.7374031;29.8465776
Ленинградская обл, Тосненский р-н, г Любань;Любань;UTC+3;59.3493847;31.2484801
Ленинградская обл, Всеволожский р-н, г Мурино;Мурино;UTC+3;60.044862;30.4571456
Ленинградская обл, Тосненский р-н, г Никольское;Никольское;UTC+3;59.7043309;30.7874571
Ленинградская обл, Волховский р-н, г Новая Ладога;Новая Ладога;UTC+3;60.1100135;32.3141203
Ленинградская обл, Кировский р-н, г Отрадное;Отрадное;UTC+3;59.7726848;30.7988557
Ленинградская обл, Бокситогорский р-н, г Пикалево;Пикалево;UTC+3;59.5132022;34.1772776
Ленинградская обл, г Подпорожье;Подпорожье;UTC+3;60.9127549;34.1567664
Ленинградская обл, Выборгский р-н, г Приморск;Приморск;UTC+3;60.3660209;28.6135772
Ленинградская обл, г Приозерск;Приозерск;UTC+3;61.0330896;30.1587851
Ленинградская обл, Выборгский р-н, г Светогорск;Светогорск;UTC+3;61.1111282;28.8725865
Ленинградская обл, Всеволожский р-н, г Сертолово;Сертолово;UTC+3;60.1446932;30.2095918
Ленинградская обл, г Сланцы;Сланцы;UTC+3;59.1178185;28.0881475
Ленинградская обл, г Сосновый Бор;Сосновый Бор;UTC+3;59.8772884;29.1291619
Ленинградская обл, Волховский р-н, г Сясьстрой;Сясьстрой;UTC+3;60.1401739;32.5601559
Ленинградская обл, г Тихвин;Тихвин;UTC+3;59.6272904;33.5072731
Ленинградская обл, г Тосно;Тосно;UTC+3;59.5407098;30.877812
Ленинградская обл, Кировский р-н, г Шлиссельбург;Шлиссельбург;UTC+3;59.9443714;31.0333365
Липецкая обл, г Грязи;Грязи;UTC+3;52.4874097;39.9331142
Липецкая обл, г Данков;Данков;UTC+3;53.2577411;39.1456184
Липецкая обл, г Елец;Елец;UTC+3;52.6152411;38.5289342
Липецкая обл, г Задонск;Задонск;UTC+3;52.4004179;38.9205032
Липецкая обл, г Лебедянь;Лебедянь;UTC+3;53.0156117;39.143536
г Липецк;Липецк;UTC+3;52.610249;39.5947883
Липецкая обл, г Усмань;Усмань;UTC+3;52.0442648;39.726401
Липецкая обл, г Чаплыгин;Чаплыгин;UTC+3;53.24048;39.9670973
г Магадан;Магадан;UTC+11;59.5681332;150.8084956
Магаданская обл, г Сусуман;Сусуман;UTC+11;62.7805882;148.1540281
Респ Марий Эл, г Волжск;Волжск;UTC+3;55.8623156;48.3715083
Респ Марий Эл, г Звенигово;Звенигово;UTC+3;55.9738571;48.0170245
г Йошкар-Ола;Йошкар-Ола;UTC+3;56.6343662;47.8999706
Респ Марий Эл, г Козьмодемьянск;Козьмодемьянск;UTC+3;56.3334036;46.546675
Респ Мордовия, г Ардатов;Ардатов;UTC+3;54.8465544;46.2411232
Респ Мордовия, г Инсар;Инсар;UTC+3;53.8770022;44.3696566
Респ Мордовия, г Ковылкино;Ковылкино;UTC+3;54.0391072;43.9191539
Респ Мордовия, г Краснослободск;Краснослободск;UTC+3;54.4248207;43.7845011
Респ Мордовия, г Рузаевка;Рузаевка;UTC+3;54.0581967;44.9490466
г Саранск;Саранск;UTC+3;54.1809332;45.1862632
Респ Мордовия, г Темников;Темников;UTC+3;54.6310583;43.2161099
г Москва;;UTC+3;55.7540471;37.620405
Московская обл, г Наро-Фоминск, г Апрелевка;Апрелевка;UTC+3;55.5276918;37.065143
Московская обл, г Балашиха;Балашиха;UTC+3;55.796389;37.938283
Московская обл, г Воскресенск, г Белоозёрский;Белоозёрский;UTC+3;55.4595766;38.4389742
Московская обл, г Бронницы;Бронницы;UTC+3;55.4255379;38.264145
Московская обл, г Наро-Фоминск, г Верея;Верея;UTC+3;55.343369;36.185694
Московская обл, г Видное;Видное;UTC+3;55.551725;37.7061984
Московская обл, г Волоколамск;Волоколамск;UTC+3;56.0356499;35.9585112
Московская обл, г Воскресенск;;UTC+3;55.3071519;38.7027953
Московская обл, г Клин, г Высоковск;Высоковск;UTC+3;56.3359513;36.5251837
Московская обл, г Одинцово, г Голицыно;Голицыно;UTC+3;55.6190582;36.9856793
Московская обл, г Истра, г Дедовск;Дедовск;UTC+3;55.8703276;37.1245043
Московская обл, г Дзержинский;Дзержинский;UTC+3;55.6240869;37.8440276
Московская обл, г Дмитров;;UTC+3;56.3477457;37.526672
Московская обл, г Долгопрудный;Долгопрудный;UTC+3;55.9385999;37.5101021
Московская обл, г Домодедово;Домодедово;UTC+3;55.4363283;37.7664984
Московская обл, г Орехово-Зуево, г Дрезна;Дрезна;UTC+3;55.7443143;38.8498479
Московская обл, г Дубна;Дубна;UTC+3;56.741786;37.1757223
Московская обл, г Егорьевск;Егорьевск;UTC+3;55.3830113;39.0358317
Московская обл, г Жуковский;Жуковский;UTC+3;55.599803;38.1224298
Московская обл, г Зарайск;Зарайск;UTC+3;54.762456;38.8850978
Московская обл, г Одинцово, г Звенигород;Звенигород;UTC+3;55.7297089;36.8554029
Московская обл, г Ивантеевка;Ивантеевка;UTC+3;55.9741665;37.9207539
Московская обл, г Истра;;UTC+3;55.9062267;36.8601454
Московская обл, г Кашира;Кашира;UTC+3;54.853337;38.1904392
Московская обл, г Клин;;UTC+3;56.3425605;36.7240032
Московская обл, г Коломна;Коломна;UTC+3;55.102814;38.7531002
Московская обл, г Королёв;Королёв;UTC+3;55.9161773;37.8545415
Московская обл, г Котельники;Котельники;UTC+3;55.6597925;37.8631156
Московская обл, г Красноармейск;Красноармейск;UTC+3;56.105426;38.140838
Московская обл, г Красногорск;Красногорск;UTC+3;55.8317203;37.3295266
Московская обл, г Сергиев Посад, г Краснозаводск;Краснозаводск;UTC+3;56.4409979;38.2320307
Московская обл, г Краснознаменск;Краснознаменск;UTC+3;55.5978959;37.0393709
Московская обл, г Одинцово, г Кубинка;Кубинка;UTC+3;55.5754955;36.6951995
Московская обл, г Орехово-Зуево, г Куровское;Куровское;UTC+3;55.5792277;38.9207723
Московская обл, г Орехово-Зуево, г Ликино-Дулёво;Ликино-Дулёво;UTC+3;55.7078257;38.9578093
Московская обл, г Лобня;Лобня;UTC+3;56.0328881;37.4614035
Московская обл, г Лосино-Петровский;Лосино-Петровский;UTC+3;55.8713214;38.200599
Московская обл, г Луховицы;Луховицы;UTC+3;54.9652077;39.0260266
Московская обл, г Лыткарино;Лыткарино;UTC+3;55.5778163;37.9033507
Московская обл, г Люберцы;Люберцы;UTC+3;55.676499;37.898125
Московская обл, г Можайск;Можайск;UTC+3;55.5069259;36.024043
Московская обл, г Мытищи;Мытищи;UTC+3;55.9105782;37.7363579
Московская обл, г Наро-Фоминск;;UTC+3;55.386185;36.734484
Московская обл, г Ногинск;;UTC+3;55.8686133;38.4622104
Московская обл, г Одинцово;;UTC+3;55.6789455;37.263686
Московская обл, г Озёры;Озёры;UTC+3;54.8541006;38.5599196
Московская обл, г Орехово-Зуево;;UTC+3;55.8151421;38.9869822
Московская обл, г Павловский Посад;Павловский Посад;UTC+3;55.7807244;38.6596983
Московская обл, г Сергиев Посад, г Пересвет;Пересвет;UTC+3;56.4158326;38.1733534
Московская обл, г Подольск;Подольск;UTC+3;55.4389322;37.5703482
Московская обл, г Протвино;Протвино;UTC+3;54.8705984;37.2182749
Московская обл, г Пушкино;Пушкино;UTC+3;56.0103638;37.8471403
Московская обл, г Пущино;Пущино;UTC+3;54.8324412;37.6210346
Московская обл, г Раменское;Раменское;UTC+3;55.5495132;38.2728914
Московская обл, г Реутов;Реутов;UTC+3;55.7582621;37.8618553
Московская обл, г Шатура, г Рошаль;Рошаль;UTC+3;55.6632776;39.8656147
Московская обл, г Руза;Руза;UTC+3;55.7014744;36.1959206
Московская обл, г Сергиев Посад;;UTC+3;56.3062548;38.1502661
Московская обл, г Серпухов;Серпухов;UTC+3;54.9226466;37.4033859
Московская обл, г Солнечногорск;Солнечногорск;UTC+3;56.185102;36.977631
Московская обл, г Ногинск, г Старая Купавна;Старая Купавна;UTC+3;55.810648;38.175624
Московская обл, г Ступино;Ступино;UTC+3;54.886274;38.078228
Московская обл, г Талдом;Талдом;UTC+3;56.7308564;37.5276003
Московская обл, г Фрязино;Фрязино;UTC+3;55.9590588;38.0410235
Московская обл, г Химки;Химки;UTC+3;55.888657;37.4303702
Московская обл, г Сергиев Посад, г Хотьково;Хотьково;UTC+3;56.2516982;37.9396017
Московская обл, г Черноголовка;Черноголовка;UTC+3;56.010005;38.379245
Московская обл, г Чехов;Чехов;UTC+3;55.1508011;37.4533252
Московская обл, г Шатура;;UTC+3;55.5777427;39.5445712
Московская обл, г Щёлково;Щёлково;UTC+3;55.9233801;37.9783707
Московская обл, г Электрогорск;Электрогорск;UTC+3;55.8780241;38.7806752
Московская обл, г Электросталь;Электросталь;UTC+3;55.7847291;38.4447045
Московская обл, г Ногинск, г Электроугли;Электроугли;UTC+3;55.7170877;38.2192563
Московская обл, г Дмитров, г Яхрома;Яхрома;UTC+3;56.2890516;37.4831799
Мурманская обл, г Апатиты;Апатиты;UTC+3;67.5677761;33.4067929
Мурманская обл, г Гаджиево;Гаджиево;UTC+3;69.2491311;33.315341
Мурманская обл, г Заозерск;Заозерск;UTC+3;69.4003584;32.4501496
Мурманская обл, Печенгский р-н, г Заполярный;Заполярный;UTC+3;69.4132852;30.7984312
Мурманская обл, г Кандалакша;Кандалакша;UTC+3;67.1567974;32.4143218
Мурманская обл, г Кировск;Кировск;UTC+3;67.6150424;33.663735
Мурманская обл, г Ковдор;Ковдор;UTC+3;67.5661417;30.4741941
Мурманская обл, г Кола;Кола;UTC+3;68.8786028;33.0262299
Мурманская обл, г Мончегорск;Мончегорск;UTC+3;67.9386153;32.9359719
г Мурманск;Мурманск;UTC+3;69.007721;33.0685865
Мурманская обл, г Оленегорск;Оленегорск;UTC+3;68.1422058;33.2669407
Мурманская обл, г Островной;Островной;UTC+3;68.0510344;39.5077846
Мурманская обл, г Полярные Зори;Полярные Зори;UTC+3;67.373084;32.4975636
Мурманская обл, г Полярный;Полярный;UTC+3;69.1989583;33.4508591
Мурманская обл, г Североморск;Североморск;UTC+3;69.0766801;33.4177759
Мурманская обл, г Снежногорск;Снежногорск;UTC+3;69.1921409;33.2383502
г Нарьян-Мар;Нарьян-Мар;UTC+3;67.6379672;53.0069565
Нижегородская обл, г Арзамас;Арзамас;UTC+3;55.3945814;43.8408141
Нижегородская обл, г Балахна;Балахна;UTC+3;56.495036;43.5758423
Нижегородская обл, г Богородск;Богородск;UTC+3;56.1020828;43.5135442
Нижегородская обл, г Бор;Бор;UTC+3;56.3565458;44.0646481
Нижегородская обл, г Ветлуга;Ветлуга;UTC+3;57.8559204;45.7761957
Нижегородская обл, г Володарск;Володарск;UTC+3;56.2169751;43.1596417
Нижегородская обл, Павловский р-н, г Ворсма;Ворсма;UTC+3;55.989943;43.2718859
Нижегородская обл, г Выкса;Выкса;UTC+3;55.3207727;42.1678834
Нижегородская обл, Павловский р-н, г Горбатов;Горбатов;UTC+3;56.1307769;43.0626185
Нижегородская обл, г Городец;Городец;UTC+3;56.6449218;43.4723104
Нижегородская обл, г Дзержинск;Дзержинск;UTC+3;56.2376047;43.4599416
Нижегородская обл, Городецкий р-н, г Заволжье;Заволжье;UTC+3;56.6404286;43.3872492
Нижегородская обл, г Княгинино;Княгинино;UTC+3;55.8205915;45.032337
Нижегородская обл, г Кстово;Кстово;UTC+3;56.1432084;44.1664198
Нижегородская обл, г Кулебаки;Кулебаки;UTC+3;55.4296181;42.5125538
Нижегородская обл, г Лукоянов;Лукоянов;UTC+3;55.0326225;44.4933807
Нижегородская обл, г Лысково;Лысково;UTC+3;56.0262359;45.035771
Нижегородская обл, г Навашино;Навашино;UTC+3;55.543811;42.1887089
г Нижний Новгород;Нижний Новгород;UTC+3;56.3240627;44.0053913
Нижегородская обл, г Павлово;Павлово;UTC+3;55.9797564;43.0995042
Нижегородская обл, г Первомайск;Первомайск;UTC+3;54.8675792;43.8013992
Нижегородская обл, г Перевоз;Перевоз;UTC+3;55.5967718;44.5448369
Нижегородская обл, г Саров;Саров;UTC+3;54.9228268;43.3448089
Нижегородская обл, г Семенов;Семенов;UTC+3;56.7889794;44.4902885
Нижегородская обл, г Сергач;Сергач;UTC+3;55.5201515;45.4813231
Нижегородская обл, г Урень;Урень;UTC+3;57.4612572;45.7833293
Нижегородская обл, г Чкаловск;Чкаловск;UTC+3;56.7651262;43.242077
Нижегородская обл, г Шахунья;Шахунья;UTC+3;57.6764293;46.6129009
Новгородская обл, г Боровичи;Боровичи;UTC+3;58.3840197;33.9175929
Новгородская обл, г Валдай;Валдай;UTC+3;57.9823766;33.2369436
г Великий Новгород;Великий Новгород;UTC+3;58.5213846;31.2755394
Новгородская обл, г Малая Вишера;Малая Вишера;UTC+3;58.8458379;32.2247401
Новгородская обл, г Окуловка;Окуловка;UTC+3;58.3910296;33.2901557
Новгородская обл, г Пестово;Пестово;UTC+3;58.5973723;35.8143898
Новгородская обл, г Сольцы;Сольцы;UTC+3;58.1201281;30.309351
Новгородская обл, г Старая Русса;Старая Русса;UTC+3;57.990737;31.3554897
Новгородская обл, г Холм;Холм;UTC+3;57.145108;31.1787499
Новгородская обл, г Чудово;Чудово;UTC+3;59.1248394;31.6866241
Новосибирская обл, Барабинский р-н, г Барабинск;Барабинск;UTC+7;55.35146;78.3464506
Новосибирская обл, г Бердск;Бердск;UTC+7;54.7582156;83.1070605
Новосибирская обл, г Болотное;Болотное;UTC+7;55.6692421;84.3906889
Новосибирская обл, г Искитим;Искитим;UTC+7;54.6267603;83.2951244
Новосибирская обл, г Карасук;Карасук;UTC+7;53.7343189;78.0422967
Новосибирская обл, г Каргат;Каргат;UTC+7;55.1945666;80.2829495
Новосибирская обл, Куйбышевский р-н, г Куйбышев;Куйбышев;UTC+7;55.4685094;78.3242048
Новосибирская обл, г Купино;Купино;UTC+7;54.366055;77.2973368
г Новосибирск;Новосибирск;UTC+7;55.028191;82.9211489
Новосибирская обл, г Обь;Обь;UTC+7;54.9945576;82.6937181
Новосибирская обл, Татарский р-н, г Татарск;Татарск;UTC+7;55.2146167;75.9739914
Новосибирская обл, г Тогучин;Тогучин;UTC+7;55.2251631;84.4104118
Новосибирская обл, г Черепаново;Черепаново;UTC+7;54.2206476;83.3724521
Новосибирская обл, г Чулым;Чулым;UTC+7;55.0906867;80.9592508
Омская обл, г Исилькуль;Исилькуль;UTC+6;54.9096002;71.2816284
Омская обл, г Калачинск;Калачинск;UTC+6;55.0598155;74.5653644
Омская обл, г Называевск;Называевск;UTC+6;55.5689323;71.3503426
г Омск;Омск;UTC+6;54.9848566;73.3674517
Омская обл, г Тара;Тара;UTC+6;56.9160511;74.3649194
Омская обл, г Тюкалинск;Тюкалинск;UTC+6;55.8703415;72.1954747
Оренбургская обл, г Абдулино;Абдулино;UTC+5;53.6778906;53.6472483
Оренбургская обл, г Бугуруслан;Бугуруслан;UTC+5;53.6523728;52.4326853
Оренбургская обл, г Бузулук;Бузулук;UTC+5;52.7881277;52.2624877
Оренбургская обл, г Гай;Гай;UTC+5;51.4649189;58.4436875
Оренбургская обл, г Кувандык;Кувандык;UTC+5;51.4783857;57.3612636
Оренбургская обл, г Медногорск;Медногорск;UTC+5;51.4037617;57.583163
Оренбургская обл, г Новотроицк;Новотроицк;UTC+5;51.1964202;58.3018192
г Оренбург;Оренбург;UTC+5;51.7875092;55.1018828
Оренбургская обл, г Орск;Орск;UTC+5;51.2294282;58.4752777
Оренбургская обл, г Соль-Илецк;Соль-Илецк;UTC+5;51.1633736;54.9896726
Оренбургская обл, г Сорочинск;Сорочинск;UTC+5;52.426685;53.1542745
Оренбургская обл, г Ясный;Ясный;UTC+5;51.036838;59.874344
Орловская обл, г Болхов;Болхов;UTC+3;53.4438496;36.0076833
Орловская обл, г Дмитровск;Дмитровск;UTC+3;52.5054851;35.1415009
Орловская обл, г Ливны;Ливны;UTC+3;52.4284558;37.6039506
Орловская обл, г Малоархангельск;Малоархангельск;UTC+3;52.4002192;36.5038579
Орловская обл, г Мценск;Мценск;UTC+3;53.2788438;36.5749105
Орловская обл, г Новосиль;Новосиль;UTC+3;52.97454;37.0437146
г Орёл;Орёл;UTC+3;52.9671298;36.0696427
Пензенская обл, г Белинский;Белинский;UTC+3;52.9640996;43.4183212
Пензенская обл, г Городище;Городище;UTC+3;53.2726916;45.7026142
Пензенская обл, г Заречный;Заречный;UTC+3;53.1960836;45.1689907
Пензенская обл, г Каменка;Каменка;UTC+3;53.1855463;44.0469717
Пензенская обл, г Кузнецк;Кузнецк;UTC+3;53.1130888;46.605092
Пензенская обл, г Нижний Ломов;Нижний Ломов;UTC+3;53.5300905;43.6730217
Пензенская обл, г Никольск;Никольск;UTC+3;53.7137496;46.0799857
г Пенза;Пенза;UTC+3;53.1753314;45.0348625
Пензенская обл, г Сердобск;Сердобск;UTC+3;52.4697595;44.2122414
Пензенская обл, г Спасск;Спасск;UTC+3;53.9271974;43.1859073
Пензенская обл, Городищенский р-н, г Сурск;Сурск;UTC+3;53.0761357;45.6910796
Пермский край, г Александровск;Александровск;UTC+5;59.1613221;57.5763459
Пермский край, г Березники;Березники;UTC+5;59.4079923;56.8039427
Пермский край, г Верещагино;Верещагино;UTC+5;58.0797571;54.6581309
Пермский край, г Горнозаводск;Горнозаводск;UTC+5;58.3742532;58.3231716
Пермский край, г Гремячинск;Гремячинск;UTC+5;58.5626082;57.8520572
Пермский край, г Губаха;Губаха;UTC+5;58.8371721;57.554533
Пермский край, г Добрянка;Добрянка;UTC+5;58.469685;56.4130737
Пермский край, г Кизел;Кизел;UTC+5;59.0512783;57.6471028
Пермский край, г Красновишерск;Красновишерск;UTC+5;60.3901321;57.0535682
Пермский край, г Краснокамск;Краснокамск;UTC+5;58.0822065;55.7479936
Пермский край, г Кудымкар;Кудымкар;UTC+5;59.0167925;54.6572508
Пермский край, г Кунгур;Кунгур;UTC+5;57.4283296;56.9438656
Пермский край, г Лысьва;Лысьва;UTC+5;58.0995875;57.8086825
Пермский край, г Нытва;Нытва;UTC+5;57.9336725;55.3356084
Пермский край, г Оса;Оса;UTC+5;57.2889515;55.4688668
Пермский край, г Оханск;Оханск;UTC+5;57.7180034;55.3872469
Пермский край, г Очер;Очер;UTC+5;57.8852686;54.7161091
г Пермь;Пермь;UTC+5;58.0102583;56.2342034
Пермский край, г Соликамск;Соликамск;UTC+5;59.6482998;56.771009
Пермский край, г Усолье;Усолье;UTC+5;59.4277573;56.6837872
Пермский край, г Чайковский;Чайковский;UTC+5;56.7781501;54.1477965
Пермский край, г Чердынь;Чердынь;UTC+5;60.4011933;56.4799933
Пермский край, Ильинский р-н, г Чермоз;Чермоз;UTC+5;58.7842834;56.1507138
Пермский край, г Чернушка;Чернушка;UTC+5;56.5160768;56.0763049
Пермский край, г Чусовой;Чусовой;UTC+5;58.2974596;57.8193615
Приморский край, г Арсеньев;Арсеньев;UTC+10;44.1622031;133.2696209
Приморский край, г Артем;Артем;UTC+10;43.3501675;132.1596175
Приморский край, г Большой Камень;Большой Камень;UTC+10;43.1111742;132.3480082
г Владивосток;Владивосток;UTC+10;43.1164904;131.8823937
Приморский край, г Дальнегорск;Дальнегорск;UTC+10;44.5539457;135.5662716
Приморский край, г Дальнереченск;Дальнереченск;UTC+10;45.9308483;133.7316907
Приморский край, г Лесозаводск;Лесозаводск;UTC+10;45.4780092;133.4186199
Приморский край, г Находка;Находка;UTC+10;42.8239372;132.8927361
Приморский край, г Партизанск;Партизанск;UTC+10;43.1280578;133.1264567
Приморский край, г Спасск-Дальний;Спасск-Дальний;UTC+10;44.5901175;132.8157288
Приморский край, г Уссурийск;Уссурийск;UTC+10;43.7971818;131.9518229
Приморский край, г Фокино;Фокино;UTC+10;42.9706317;132.4110196
Псковская обл, г Великие Луки;Великие Луки;UTC+3;56.332208;30.5508641
Псковская обл, г Гдов;Гдов;UTC+3;58.7432429;27.8264809
Псковская обл, г Дно;Дно;UTC+3;57.826974;29.9629389
Псковская обл, г Невель;Невель;UTC+3;56.0201973;29.9239983
Псковская обл, г Новоржев;Новоржев;UTC+3;57.029807;29.3433083
Псковская обл, г Новосокольники;Новосокольники;UTC+3;56.3408431;30.1527573
Псковская обл, г Опочка;Опочка;UTC+3;56.710725;28.6717519
Псковская обл, г Остров;Остров;UTC+3;57.3451528;28.3437593
Псковская обл, г Печоры;Печоры;UTC+3;57.8145817;27.622259
Псковская обл, г Порхов;Порхов;UTC+3;57.7765219;29.5436626
г Псков;Псков;UTC+3;57.8194415;28.3317198
Псковская обл, г Пустошка;Пустошка;UTC+3;56.3374813;29.3668055
Псковская обл, г Пыталово;Пыталово;UTC+3;57.0637952;27.9236214
Псковская обл, г Себеж;Себеж;UTC+3;56.2908554;28.4724326
Ростовская обл, г Азов;Азов;UTC+3;47.1121589;39.4232555
Ростовская обл, г Аксай;Аксай;UTC+3;47.2676314;39.8756872
Ростовская обл, г Батайск;Батайск;UTC+3;47.1383299;39.7507179
Ростовская обл, г Белая Калитва;Белая Калитва;UTC+3;48.1769737;40.8033529
Ростовская обл, г Волгодонск;Волгодонск;UTC+3;47.5165338;42.1984951
Ростовская обл, г Гуково;Гуково;UTC+3;48.0448904;39.9484672
Ростовская обл, г Донецк;Донецк;UTC+3;48.3350706;39.945891
Ростовская обл, г Зверево;Зверево;UTC+3;48.0435487;40.1265822
Ростовская обл, г Зерноград;Зерноград;UTC+3;46.8495958;40.312837
Ростовская обл, г Каменск-Шахтинский;Каменск-Шахтинский;UTC+3;48.3205326;40.2689583
Ростовская обл, г Константиновск;Константиновск;UTC+3;47.5773717;41.0967445
Ростовская обл, г Красный Сулин;Красный Сулин;UTC+3;47.8831311;40.0781298
Ростовская обл, г Миллерово;Миллерово;UTC+3;48.9260077;40.3984087
Ростовская обл, г Морозовск;Морозовск;UTC+3;48.3511807;41.8309225
Ростовская обл, г Новочеркасск;Новочеркасск;UTC+3;47.411919;40.1042098
Ростовская обл, г Новошахтинск;Новошахтинск;UTC+3;47.757773;39.9363697
Ростовская обл, г Пролетарск;Пролетарск;UTC+3;46.7038963;41.727594
г Ростов-на-Дону;Ростов-на-Дону;UTC+3;47.2224566;39.718803
Ростовская обл, г Сальск;Сальск;UTC+3;46.4752095;41.5410415
Ростовская обл, г Семикаракорск;Семикаракорск;UTC+3;47.5177337;40.8114167
Ростовская обл, г Таганрог;Таганрог;UTC+3;47.2094917;38.9350989
Ростовская обл, г Цимлянск;Цимлянск;UTC+3;47.6477448;42.0931505
Ростовская обл, г Шахты;Шахты;UTC+3;47.7085287;40.2159846
Рязанская обл, г Касимов;Касимов;UTC+3;54.9373475;41.3913211
Рязанская обл, г Кораблино;Кораблино;UTC+3;53.9246659;40.0227745
Рязанская обл, г Михайлов;Михайлов;UTC+3;54.2297402;39.0091481
Рязанская обл, Пронский р-н, г Новомичуринск;Новомичуринск;UTC+3;54.0376572;39.74654
Рязанская обл, г Рыбное;Рыбное;UTC+3;54.7256164;39.5134398
Рязанская обл, г Ряжск;Ряжск;UTC+3;53.7067584;40.0522274
г Рязань;Рязань;UTC+3;54.6254445;39.7358609
Рязанская обл, г Сасово;Сасово;UTC+3;54.3508885;41.9117422
Рязанская обл, г Скопин;Скопин;UTC+3;53.823543;39.5492421
Рязанская обл, г Спас-Клепики;Спас-Клепики;UTC+3;55.1291721;40.1745338
Рязанская обл, г Спасск-Рязанский;Спасск-Рязанский;UTC+3;54.4070719;40.3763426
Рязанская обл, г Шацк;Шацк;UTC+3;54.0287312;41.7181803
Самарская обл, г Жигулевск;Жигулевск;UTC+4;53.4011981;49.4945176
Самарская обл, г Кинель;Кинель;UTC+4;53.2210298;50.6343776
Самарская обл, г Нефтегорск;Нефтегорск;UTC+4;52.7972914;51.1637392
Самарская обл, г Новокуйбышевск;Новокуйбышевск;UTC+4;53.0994565;49.9477382
Самарская обл, г Октябрьск;Октябрьск;UTC+4;53.1640488;48.670762
Самарская обл, г Отрадный;Отрадный;UTC+4;53.3800848;51.3438605
Самарская обл, г Похвистнево;Похвистнево;UTC+4;53.6498299;52.1235156
г Самара;Самара;UTC+4;53.1950306;50.1069518
Самарская обл, г Сызрань;Сызрань;UTC+4;53.1558674;48.4744629
Самарская обл, г Тольятти;Тольятти;UTC+4;53.5205348;49.3894028
Самарская обл, г Чапаевск;Чапаевск;UTC+4;52.928961;49.8673269
г Санкт-Петербург;;UTC+3;59.9391313;30.3159004
Саратовская обл, г Аркадак;Аркадак;UTC+4;51.938831;43.4999221
Саратовская обл, г Аткарск;Аткарск;UTC+4;51.8736062;45.0003247
Саратовская обл, г Балаково;Балаково;UTC+4;52.0224231;47.7827765
Саратовская обл, г Балашов;Балашов;UTC+4;51.5388697;43.1839757
Саратовская обл, г Вольск;Вольск;UTC+4;52.0459865;47.3873595
Саратовская обл, г Ершов;Ершов;UTC+4;51.3508505;48.2762226
Саратовская обл, г Калининск;Калининск;UTC+4;51.4993591;44.4710435
Саратовская обл, г Красноармейск;Красноармейск;UTC+4;51.023541;45.695044
Саратовская обл, г Красный Кут;Красный Кут;UTC+4;50.9598317;46.9712016
Саратовская обл, г Маркс;Маркс;UTC+4;51.7133337;46.7400339
Саратовская обл, г Новоузенск;Новоузенск;UTC+4;50.455199;48.1413153
Саратовская обл, г Петровск;Петровск;UTC+4;52.3094237;45.3851877
Саратовская обл, г Пугачев;Пугачев;UTC+4;52.0159921;48.7972223
Саратовская обл, г Ртищево;Ртищево;UTC+4;52.2616271;43.7842248
г Саратов;Саратов;UTC+4;51.533557;46.034257
Саратовская обл, г Хвалынск;Хвалынск;UTC+4;52.4951572;48.1045771
Саратовская обл, г Шиханы;Шиханы;UTC+4;52.1147391;47.2023118
Саратовская обл, г Энгельс;Энгельс;UTC+4;51.4854003;46.126722
Сахалинская обл, г Александровск-Сахалинский;Александровск-Сахалинский;UTC+11;50.8974378;142.1578559
Сахалинская обл, г Анива;Анива;UTC+11;46.713152;142.5265804
Сахалинская обл, г Долинск;Долинск;UTC+11;47.3255783;142.7945071
Сахалинская обл, г Корсаков;Корсаков;UTC+11;46.6324545;142.799445
Сахалинская обл, г Курильск;Курильск;UTC+11;45.2270954;147.8796323
Сахалинская обл, г Макаров;Макаров;UTC+11;48.6236334;142.7803205
Сахалинская обл, г Невельск;Невельск;UTC+11;46.6526899;141.8630725
Сахалинская обл, г Оха;Оха;UTC+11;53.5867839;142.9412411
Сахалинская обл, г Поронайск;Поронайск;UTC+11;49.238866;143.1008333
Сахалинская обл, г Северо-Курильск;Северо-Курильск;UTC+11;50.6730577;156.1282211
Сахалинская обл, г Томари;Томари;UTC+11;47.7620108;142.0615837
Сахалинская обл, г Углегорск;Углегорск;UTC+11;49.0815774;142.0692639
Сахалинская обл, г Холмск;Холмск;UTC+11;47.0408423;142.041688
г Южно-Сахалинск;Южно-Сахалинск;UTC+11;46.9591631;142.737976
Свердловская обл, г Алапаевск;Алапаевск;UTC+5;57.8475571;61.6693817
Свердловская обл, Сысертский р-н, г Арамиль;Арамиль;UTC+5;56.694632;60.8343125
Свердловская обл, г Артемовский;Артемовский;UTC+5;57.3384177;61.8947443
Свердловская обл, г Асбест;Асбест;UTC+5;57.0052277;61.4581156
Свердловская обл, г Березовский;Березовский;UTC+5;56.9095924;60.8180907
Свердловская обл, Богдановичский р-н, г Богданович;Богданович;UTC+5;56.7764795;62.0463679
Свердловская обл, г Верхний Тагил;Верхний Тагил;UTC+5;57.3763758;59.9517653
Свердловская обл, г Верхняя Пышма;Верхняя Пышма;UTC+5;56.9758903;60.5650383
Свердловская обл, г Верхняя Салда;Верхняя Салда;UTC+5;58.0465803;60.5560164
Свердловская обл, г Верхняя Тура;Верхняя Тура;UTC+5;58.3643685;59.8265235
Свердловская обл, г Верхотурье;Верхотурье;UTC+5;58.8622073;60.8103945
Свердловская обл, г Волчанск;Волчанск;UTC+5;59.9351707;60.0798618
Свердловская обл, г Дегтярск;Дегтярск;UTC+5;56.7048206;60.079138
г Екатеринбург;Екатеринбург;UTC+5;56.8385216;60.6054911
Свердловская обл, г Заречный;Заречный;UTC+5;56.8102931;61.3380029
Свердловская обл, г Ивдель;Ивдель;UTC+5;60.6944496;60.4245069
Свердловская обл, г Ирбит;Ирбит;UTC+5;57.6838362;63.057675
Свердловская обл, г Каменск-Уральский;Каменск-Уральский;UTC+5;56.414962;61.9188674
Свердловская обл, г Камышлов;Камышлов;UTC+5;56.8465034;62.7119766
Свердловская обл, г Карпинск;Карпинск;UTC+5;59.7665925;60.0011703
Свердловская обл, г Качканар;Качканар;UTC+5;58.7051762;59.4839155
Свердловская обл, г Кировград;Кировград;UTC+5;57.4299433;60.0624051
Свердловская обл, г Краснотурьинск;Краснотурьинск;UTC+5;59.7636635;60.1934525
Свердловская обл, г Красноуральск;Красноуральск;UTC+5;58.348651;60.0408764
Свердловская обл, г Красноуфимск;Красноуфимск;UTC+5;56.612387;57.7636637
Свердловская обл, г Кушва;Кушва;UTC+5;58.2826013;59.7645766
Свердловская обл, г Лесной;Лесной;UTC+5;58.6348516;59.7981565
Свердловская обл, Нижнесергинский р-н, г Михайловск;Михайловск;UTC+5;56.4370039;59.1137316
Свердловская обл, г Невьянск;Невьянск;UTC+5;57.49131;60.2183429
Свердловская обл, г Нижние Серги;Нижние Серги;UTC+5;56.6544959;59.2953035
Свердловская обл, г Нижний Тагил;Нижний Тагил;UTC+5;57.910126;59.9812853
Свердловская обл, г Нижняя Салда;Нижняя Салда;UTC+5;58.0748272;60.7025418
Свердловская обл, г Нижняя Тура;Нижняя Тура;UTC+5;58.6309267;59.8520344
Свердловская обл, г Новая Ляля;Новая Ляля;UTC+5;59.0538977;60.5944825
Свердловская обл, г Новоуральск;Новоуральск;UTC+5;57.2472567;60.0956714
Свердловская обл, г Первоуральск;Первоуральск;UTC+5;56.9080085;59.942926
Свердловская обл, г Полевской;Полевской;UTC+5;56.4956952;60.2365298
Свердловская обл, г Ревда;Ревда;UTC+5;56.7986319;59.9071591
Свердловская обл, г Реж;Реж;UTC+5;57.3717477;61.3833842
Свердловская обл, г Североуральск;Североуральск;UTC+5;60.1533109;59.9525245
Свердловская обл, г Серов;Серов;UTC+5;59.6047724;60.5753882
Свердловская обл, г Среднеуральск;Среднеуральск;UTC+5;56.9918901;60.4771018
Свердловская обл, Сухоложский р-н, г Сухой Лог;Сухой Лог;UTC+5;56.9076193;62.0358093
Свердловская обл, г Сысерть;Сысерть;UTC+5;56.5005715;60.8190003
Свердловская обл, г Тавда;Тавда;UTC+5;58.0434672;65.274217
Свердловская обл, г Талица;Талица;UTC+5;57.0122687;63.7320757
Свердловская обл, г Туринск;Туринск;UTC+5;58.0393524;63.6981973
г Севастополь;;UTC+3;44.6167013;33.525355
Респ Северная Осетия - Алания, г Алагир;Алагир;UTC+3;43.0417684;44.2199715
Респ Северная Осетия - Алания, г Ардон;Ардон;UTC+3;43.1755152;44.2955775
Респ Северная Осетия - Алания, г Беслан;Беслан;UTC+3;43.1937529;44.5338707
г Владикавказ;Владикавказ;UTC+3;43.020588;44.6819182
Респ Северная Осетия - Алания, г Дигора;Дигора;UTC+3;43.1567628;44.1549483
Респ Северная Осетия - Алания, г Моздок;Моздок;UTC+3;43.7471342;44.6569607
Смоленская обл, г Велиж;Велиж;UTC+3;55.6057916;31.1856206
Смоленская обл, г Вязьма;Вязьма;UTC+3;55.2116983;34.2951663
Смоленская обл, г Гагарин;Гагарин;UTC+3;55.5525228;34.9950502
Смоленская обл, г Демидов;Демидов;UTC+3;55.2682105;31.5062809
Смоленская обл, г Десногорск;Десногорск;UTC+3;54.146457;33.2833222
Смоленская обл, г Дорогобуж;Дорогобуж;UTC+3;54.9136959;33.3023162
Смоленская обл, г Духовщина;Духовщина;UTC+3;55.1950257;32.401252
Смоленская обл, г Ельня;Ельня;UTC+3;54.5837795;33.1749867
Смоленская обл, г Починок;Починок;UTC+3;54.406244;32.4398039
Смоленская обл, г Рославль;Рославль;UTC+3;53.9449558;32.8480258
Смоленская обл, г Рудня;Рудня;UTC+3;54.9441093;31.0794806
Смоленская обл, г Сафоново;Сафоново;UTC+3;55.1199661;33.2336988
г Смоленск;Смоленск;UTC+3;54.782635;32.045251
Смоленская обл, г Сычевка;Сычевка;UTC+3;55.8308821;34.2778793
Смоленская обл, г Ярцево;Ярцево;UTC+3;55.0564732;32.6902302
Ставропольский край, г Благодарный;Благодарный;UTC+3;45.0989782;43.4306455
Ставропольский край, г Буденновск;Буденновск;UTC+3;44.7816067;44.1650339
Ставропольский край, г Георгиевск;Георгиевск;UTC+3;44.1485694;43.4739851
Ставропольский край, г Ессентуки;Ессентуки;UTC+3;44.0446186;42.8588653
Ставропольский край, г Железноводск;Железноводск;UTC+3;44.1320568;43.0306461
Ставропольский край, г Зеленокумск;Зеленокумск;UTC+3;44.4032668;43.8841877
Ставропольский край, г Изобильный;Изобильный;UTC+3;45.3684296;41.708702
Ставропольский край, г Ипатово;Ипатово;UTC+3;45.7181751;42.8970206
Ставропольский край, г Кисловодск;Кисловодск;UTC+3;43.9052044;42.7168721
Ставропольский край, г Лермонтов;Лермонтов;UTC+3;44.1054107;42.973135
Ставропольский край, г Минеральные Воды;Минеральные Воды;UTC+3;44.2087273;43.138408
Ставропольский край, г Михайловск;Михайловск;UTC+3;45.1297323;42.0288443
Ставропольский край, г Невинномысск;Невинномысск;UTC+3;44.6226031;41.9476723
Ставропольский край, г Нефтекумск;Нефтекумск;UTC+3;44.7544552;44.9865347
Ставропольский край, г Новоалександровск;Новоалександровск;UTC+3;45.4932733;41.2153996
Ставропольский край, г Новопавловск;Новопавловск;UTC+3;43.9617097;43.6342865
Ставропольский край, г Пятигорск;Пятигорск;UTC+3;44.041091;43.0661553
Ставропольский край, г Светлоград;Светлоград;UTC+3;45.328659;42.8565714
г Ставрополь;Ставрополь;UTC+3;45.044516;41.9689655
Тамбовская обл, г Жердевка;Жердевка;UTC+3;51.8422192;41.4617687
Тамбовская обл, г Кирсанов;Кирсанов;UTC+3;52.6506335;42.7286445
Тамбовская обл, г Котовск;Котовск;UTC+3;52.5924489;41.5101237
Тамбовская обл, г Мичуринск;Мичуринск;UTC+3;52.8912389;40.5104443
Тамбовская обл, г Моршанск;Моршанск;UTC+3;53.4436216;41.8115478
Тамбовская обл, г Рассказово;Рассказово;UTC+3;52.6538833;41.874285
г Тамбов;Тамбов;UTC+3;52.7213154;41.452264
Тамбовская обл, г Уварово;Уварово;UTC+3;51.9767841;42.2529799
Респ Татарстан, г Агрыз;Агрыз;UTC+3;56.5232864;52.9943775
Респ Татарстан, г Азнакаево;Азнакаево;UTC+3;54.8598642;53.0745527
Респ Татарстан, г Альметьевск;Альметьевск;UTC+3;54.9014619;52.2970467
Респ Татарстан, г Арск;Арск;UTC+3;56.0912567;49.877067
Респ Татарстан, г Бавлы;Бавлы;UTC+3;54.4062891;53.2458065
Респ Татарстан, г Болгар;Болгар;UTC+3;54.974891;49.0303882
Респ Татарстан, г Бугульма;Бугульма;UTC+3;54.5363495;52.7895849
Респ Татарстан, г Буинск;Буинск;UTC+3;54.9641538;48.2901209
Респ Татарстан, г Елабуга;Елабуга;UTC+3;55.7567107;52.0543794
Респ Татарстан, г Заинск;Заинск;UTC+3;55.299053;52.0062972
Респ Татарстан, г Зеленодольск;Зеленодольск;UTC+3;55.8466651;48.5010954
Респ Татарстан, Верхнеуслонский р-н, г Иннополис;Иннополис;UTC+3;55.7521699;48.7446846
г Казань;Казань;UTC+3;55.7943584;49.1114975
Респ Татарстан, г Кукмор;Кукмор;UTC+3;56.1861392;50.8970238
Респ Татарстан, г Лаишево;Лаишево;UTC+3;55.4042867;49.5499838
Респ Татарстан, г Лениногорск;Лениногорск;UTC+3;54.5967034;52.4431906
Респ Татарстан, г Мамадыш;Мамадыш;UTC+3;55.7150413;51.4129016
Респ Татарстан, г Менделеевск;Менделеевск;UTC+3;55.895169;52.3143347
Респ Татарстан, г Мензелинск;Мензелинск;UTC+3;55.7270698;53.1003968
Респ Татарстан, г Набережные Челны;Набережные Челны;UTC+3;55.7434619;52.3959165
Респ Татарстан, г Нижнекамск;Нижнекамск;UTC+3;55.6313609;51.8144669
Респ Татарстан, г Нурлат;Нурлат;UTC+3;54.4281461;50.8049337
Респ Татарстан, г Тетюши;Тетюши;UTC+3;54.936516;48.8314533
Респ Татарстан, г Чистополь;Чистополь;UTC+3;55.3699139;50.6285784
Тверская обл, г Андреаполь;Андреаполь;UTC+3;56.6506724;32.2620163
Тверская обл, г Бежецк;Бежецк;UTC+3;57.7860089;36.6904983
Тверская обл, г Белый;Белый;UTC+3;55.8339056;32.9389741
Тверская обл, г Бологое;Бологое;UTC+3;57.8855767;34.0537771
Тверская обл, г Весьегонск;Весьегонск;UTC+3;58.6582598;37.2567558
Тверская обл, г Вышний Волочек;Вышний Волочек;UTC+3;57.568302;34.5404016
Тверская обл, г Западная Двина;Западная Двина;UTC+3;56.2566492;32.0805315
Тверская обл, г Зубцов;Зубцов;UTC+3;56.1760868;34.5825515
Тверская обл, г Калязин;Калязин;UTC+3;57.2579478;37.7819693
Тверская обл, г Кашин;Кашин;UTC+3;57.360194;37.6119436
Тверская обл, г Кимры;Кимры;UTC+3;56.8733213;37.3556605
Тверская обл, г Конаково;Конаково;UTC+3;56.7275204;36.8012716
Тверская обл, г Красный Холм;Красный Холм;UTC+3;58.0571446;37.1126156
Тверская обл, г Кувшиново;Кувшиново;UTC+3;57.0265168;34.1676009
Тверская обл, г Лихославль;Лихославль;UTC+3;57.1221304;35.4667605
Тверская обл, г Нелидово;Нелидово;UTC+3;56.2232566;32.7767459
Тверская обл, г Осташков;Осташков;UTC+3;57.1456744;33.1115372
Тверская обл, г Ржев;Ржев;UTC+3;56.262881;34.3291002
Тверская обл, г Старица;Старица;UTC+3;56.514876;34.9336396
г Тверь;Тверь;UTC+3;56.8586059;35.9116761
Тверская обл, г Торжок;Торжок;UTC+3;57.04133;34.9602344
Тверская обл, г Торопец;Торопец;UTC+3;56.5012188;31.6355466
Тверская обл, г Удомля;Удомля;UTC+3;57.8787314;35.0167348
Томская обл, г Асино;Асино;UTC+7;56.9907085;86.1765257
Томская обл, г Кедровый;Кедровый;UTC+7;57.561869;79.5677821
Томская обл, г Колпашево;Колпашево;UTC+7;58.3114253;82.9025829
Томская обл, г Северск;Северск;UTC+7;56.6031285;84.8809926
Томская обл, г Стрежевой;Стрежевой;UTC+7;60.732895;77.604122
г Томск;Томск;UTC+7;56.4845804;84.9481582
Тульская обл, г Алексин;Алексин;UTC+3;54.5083349;37.0478067
Тульская обл, г Белев;Белев;UTC+3;53.8114179;36.1382247
Тульская обл, г Богородицк;Богородицк;UTC+3;53.7701014;38.1225152
Тульская обл, Киреевский р-н, г Болохово;Болохово;UTC+3;54.0820349;37.826724
Тульская обл, г Венев;Венев;UTC+3;54.3542315;38.2642236
Тульская обл, г Донской;Донской;UTC+3;53.9678944;38.3371824
Тульская обл, г Ефремов;Ефремов;UTC+3;53.1464766;38.0921657
Тульская обл, г Кимовск;Кимовск;UTC+3;53.9698378;38.5380808
Тульская обл, г Киреевск;Киреевск;UTC+3;53.9319555;37.9220351
Тульская обл, Киреевский р-н, г Липки;Липки;UTC+3;53.9417551;37.7020148
Тульская обл, г Новомосковск;Новомосковск;UTC+3;54.0109075;38.2914024
Тульская обл, г Плавск;Плавск;UTC+3;53.7096415;37.2862352
Тульская обл, Щекинский р-н, г Советск;Советск;UTC+3;53.9338874;37.6316141
Тульская обл, г Суворов;Суворов;UTC+3;54.1343585;36.4807419
г Тула;Тула;UTC+3;54.1920559;37.6153842
Тульская обл, г Узловая;Узловая;UTC+3;53.9730452;38.1763201
Тульская обл, Суворовский р-н, г Чекалин;Чекалин;UTC+3;54.0984438;36.2474142
Тульская обл, г Щекино;Щекино;UTC+3;54.0020652;37.5176288
Тульская обл, г Ясногорск;Ясногорск;UTC+3;54.4795484;37.6896048
Респ Тыва, г Ак-Довурак;Ак-Довурак;UTC+7;51.178452;90.5985129
г Кызыл;Кызыл;UTC+7;51.7191047;94.4376882
Респ Тыва, г Туран;Туран;UTC+7;52.1449619;93.9173396
Респ Тыва, г Чадан;Чадан;UTC+7;51.2844502;91.5788609
Респ Тыва, г Шагонар;Шагонар;UTC+7;51.5346393;92.9199675
Тюменская обл, г Заводоуковск;Заводоуковск;UTC+5;56.5027463;66.5513613
Тюменская обл, г Ишим;Ишим;UTC+5;56.1104858;69.4795776
Тюменская обл, г Тобольск;Тобольск;UTC+5;58.2017299;68.2538558
г Тюмень;Тюмень;UTC+5;57.1529744;65.5344099
Тюменская обл, г Ялуторовск;Ялуторовск;UTC+5;56.6547289;66.3122992
Респ Удмуртская, г Воткинск;Воткинск;UTC+4;57.0518149;53.9873096
Респ Удмуртская, г Глазов;Глазов;UTC+4;58.1359233;52.6635038
г Ижевск;Ижевск;UTC+4;56.852738;53.2114896
Респ Удмуртская, г Камбарка;Камбарка;UTC+4;56.2659916;54.193374
Респ Удмуртская, г Можга;Можга;UTC+4;56.4427774;52.2137886
Респ Удмуртская, г Сарапул;Сарапул;UTC+4;56.4615767;53.8037657
Ульяновская обл, Барышский р-н, г Барыш;Барыш;UTC+4;53.6533992;47.1181134
Ульяновская обл, г Димитровград;Димитровград;UTC+4;54.2167926;49.6262585
Ульяновская обл, г Инза;Инза;UTC+4;53.8549647;46.3533459
Ульяновская обл, г Новоульяновск;Новоульяновск;UTC+4;54.1447956;48.3910789
Ульяновская обл, г Сенгилей;Сенгилей;UTC+4;53.958964;48.7768269
г Ульяновск;Ульяновск;UTC+4;54.3079415;48.3748487
Хабаровский край, г Амурск;Амурск;UTC+10;50.2344147;136.8792444
Хабаровский край, г Бикин;Бикин;UTC+10;46.8185743;134.2550718
Хабаровский край, г Вяземский;Вяземский;UTC+10;47.5353379;134.7553856
Хабаровский край, г Комсомольск-на-Амуре;Комсомольск-на-Амуре;UTC+10;50.5498936;137.0079408
Хабаровский край, г Николаевск-на-Амуре;Николаевск-на-Амуре;UTC+10;53.1460657;140.7111367
Хабаровский край, г Советская Гавань;Советская Гавань;UTC+10;48.9664966;140.285174
г Хабаровск;Хабаровск;UTC+10;48.4647258;135.0598942
Респ Хакасия, г Абаза;Абаза;UTC+7;52.6516647;90.0885686
г Абакан;Абакан;UTC+7;53.7223325;91.4436721
Респ Хакасия, г Саяногорск;Саяногорск;UTC+7;53.1008083;91.4122454
Респ Хакасия, г Сорск;Сорск;UTC+7;54.0002888;90.2594446
Респ Хакасия, г Черногорск;Черногорск;UTC+7;53.8259342;91.3260229
Ханты-Мансийский Автономный округ - Югра АО, г Белоярский;Белоярский;UTC+5;63.7121099;66.6772226
Ханты-Мансийский Автономный округ - Югра АО, г Когалым;Когалым;UTC+5;62.2639527;74.4829794
Ханты-Мансийский Автономный округ - Югра АО, г Лангепас;Лангепас;UTC+5;61.2536939;75.1807763
Ханты-Мансийский Автономный округ - Югра АО, Сургутский р-н, г Лянтор;Лянтор;UTC+5;61.6392863;72.179409
Ханты-Мансийский Автономный округ - Югра АО, г Мегион;Мегион;UTC+5;61.0318712;76.1025878
Ханты-Мансийский Автономный округ - Югра АО, г Нефтеюганск;Нефтеюганск;UTC+5;61.0882676;72.6164079
Ханты-Мансийский Автономный округ - Югра АО, г Нижневартовск;Нижневартовск;UTC+5;60.9396698;76.5696184
Ханты-Мансийский Автономный округ - Югра АО, г Нягань;Нягань;UTC+5;62.1454701;65.3946047
Ханты-Мансийский Автономный округ - Югра АО, г Покачи;Покачи;UTC+5;61.7422169;75.5941517
Ханты-Мансийский Автономный округ - Югра АО, г Пыть-Ях;Пыть-Ях;UTC+5;60.7585833;72.8365617
Ханты-Мансийский Автономный округ - Югра АО, г Радужный;Радужный;UTC+5;62.1342888;77.4584094
Ханты-Мансийский Автономный округ - Югра АО, г Советский;Советский;UTC+5;61.3706913;63.5667222
Ханты-Мансийский Автономный округ - Югра АО, г Сургут;Сургут;UTC+5;61.2541083;73.3961587
Ханты-Мансийский Автономный округ - Югра АО, г Урай;Урай;UTC+5;60.1296954;64.8038508
г Ханты-Мансийск;Ханты-Мансийск;UTC+5;61.0023984;69.0184798
Ханты-Мансийский Автономный округ - Югра АО, г Югорск;Югорск;UTC+5;61.3123568;63.3365484
Челябинская обл, г Аша;Аша;UTC+5;54.9906527;57.2783953
Челябинская обл, Саткинский р-н, г Бакал;Бакал;UTC+5;54.9406399;58.8051698
Челябинская обл, г Верхнеуральск;Верхнеуральск;UTC+5;53.8760961;59.2169852
Челябинская обл, г Верхний Уфалей;Верхний Уфалей;UTC+5;56.0487158;60.2318886
Челябинская обл, г Еманжелинск;Еманжелинск;UTC+5;54.7554548;61.3243477
Челябинская обл, г Златоуст;Златоуст;UTC+5;55.1714905;59.6725549
Челябинская обл, г Карабаш;Карабаш;UTC+5;55.4852323;60.2358881
Челябинская обл, г Карталы;Карталы;UTC+5;53.0536197;60.6478408
Челябинская обл, г Касли;Касли;UTC+5;55.8868784;60.7421663
Челябинская обл, г Катав-Ивановск;Катав-Ивановск;UTC+5;54.7521438;58.1983648
Челябинская обл, г Копейск;Копейск;UTC+5;55.116665;61.6179185
Челябинская обл, г Коркино;Коркино;UTC+5;54.8903147;61.4034576
Челябинская обл, г Куса;Куса;UTC+5;55.3386053;59.4385778
Челябинская обл, г Кыштым;Кыштым;UTC+5;55.7061276;60.5563781
Челябинская обл, г Магнитогорск;Магнитогорск;UTC+5;53.4072153;58.9791437
Челябинская обл, г Миасс;Миасс;UTC+5;55.0456457;60.1077572
Челябинская обл, Ашинский р-н, г Миньяр;Миньяр;UTC+5;55.0709557;57.548478
Челябинская обл, г Нязепетровск;Нязепетровск;UTC+5;56.0536895;59.6097202
Челябинская обл, г Озерск;Озерск;UTC+5;55.763154;60.7076198
Челябинская обл, г Пласт;Пласт;UTC+5;54.3692764;60.8151894
Челябинская обл, г Сатка;Сатка;UTC+5;55.0405288;59.0288975
Челябинская обл, Ашинский р-н, г Сим;Сим;UTC+5;54.9907827;57.6900155
Челябинская обл, г Снежинск;Снежинск;UTC+5;56.0851495;60.7324914
Челябинская обл, г Трехгорный;Трехгорный;UTC+5;54.8178249;58.4464194
Челябинская обл, г Троицк;Троицк;UTC+5;54.0843745;61.5586831
Челябинская обл, г Усть-Катав;Усть-Катав;UTC+5;54.9260812;58.152805
Челябинская обл, г Чебаркуль;Чебаркуль;UTC+5;54.9818567;60.3773121
г Челябинск;Челябинск;UTC+5;55.1602624;61.4008078
Челябинская обл, г Южноуральск;Южноуральск;UTC+5;54.448927;61.2581158
Челябинская обл, Катав-Ивановский р-н, г Юрюзань;Юрюзань;UTC+5;54.854662;58.4226698
Респ Чеченская, г Аргун;Аргун;UTC+3;43.2916774;45.8723105
г Грозный;Грозный;UTC+3;43.3180145;45.698291
Респ Чеченская, г Гудермес;Гудермес;UTC+3;43.3519142;46.1035645
Респ Чеченская, г Курчалой;Курчалой;UTC+3;43.2046547;46.0889364
Респ Чеченская, г Урус-Мартан;;UTC+3;43.120175;45.539276
Респ Чеченская, г Шали;Шали;UTC+3;43.1488691;45.9009629
Чувашская Республика - Чувашия, г Алатырь;Алатырь;UTC+3;54.8397989;46.5721997
Чувашская Республика - Чувашия, г Канаш;Канаш;UTC+3;55.507;47.4918273
Чувашская Республика - Чувашия, г Козловка;Козловка;UTC+3;55.8406025;48.2577735
Чувашская Республика - Чувашия, г Мариинский Посад;Мариинский Посад;UTC+3;56.111923;47.7142942
Чувашская Республика - Чувашия, г Новочебоксарск;Новочебоксарск;UTC+3;56.1094977;47.4791113
Чувашская Республика - Чувашия, г Цивильск;Цивильск;UTC+3;55.8650213;47.4729349
г Чебоксары;Чебоксары;UTC+3;56.1438298;47.2489782
Чувашская Республика - Чувашия, г Шумерля;Шумерля;UTC+3;55.4962415;46.4182681
Чувашская Республика - Чувашия, г Ядрин;Ядрин;UTC+3;55.9406974;46.2020896
г Анадырь;Анадырь;UTC+12;64.7313924;177.5015421
Чукотский АО, г Билибино;Билибино;UTC+12;68.0584191;166.4388172
Чукотский АО, г Певек;Певек;UTC+12;69.7016661;170.2999022
Респ Саха /Якутия/, г Алдан;Алдан;UTC+9;58.6094283;125.3817188
Респ Саха /Якутия/, у Верхоянский, г Верхоянск;Верхоянск;UTC+10;67.5502451;133.390735
Респ Саха /Якутия/, г Вилюйск;Вилюйск;UTC+9;63.7517616;121.627284
Респ Саха /Якутия/, г Ленск;Ленск;UTC+9;60.7276196;114.9548255
Респ Саха /Якутия/, г Мирный;Мирный;UTC+9;62.536232;113.9667728
Респ Саха /Якутия/, г Нерюнгри;Нерюнгри;UTC+9;56.6599953;124.7202403
Респ Саха /Якутия/, г Нюрба;Нюрба;UTC+9;63.2828955;118.3242437
Респ Саха /Якутия/, г Олекминск;Олекминск;UTC+9;60.3758006;120.4060878
Респ Саха /Якутия/, г Покровск;Покровск;UTC+9;61.4843503;129.1482392
Респ Саха /Якутия/, г Среднеколымск;Среднеколымск;UTC+11;67.4582218;153.7069425
Респ Саха /Якутия/, у Алданский, г Томмот;Томмот;UTC+9;58.9586859;126.2875462
Респ Саха /Якутия/, у Мирнинский, г Удачный;Удачный;UTC+9;66.4071765;112.3061555
г Якутск;Якутск;UTC+9;62.0281405;129.7325887
Ямало-Ненецкий АО, г Губкинский;Губкинский;UTC+5;64.4457594;76.4713274
Ямало-Ненецкий АО, г Лабытнанги;Лабытнанги;UTC+5;66.6592841;66.3883009
Ямало-Ненецкий АО, г Муравленко;Муравленко;UTC+5;63.7940552;74.4948635
Ямало-Ненецкий АО, г Надым;Надым;UTC+5;65.5377966;72.5182736
Ямало-Ненецкий АО, г Новый Уренгой;Новый Уренгой;UTC+5;66.0839433;76.6809681
Ямало-Ненецкий АО, г Ноябрьск;Ноябрьск;UTC+5;63.2018039;75.4510581
г Салехард;Салехард;UTC+5;66.5492077;66.6085318
Ямало-Ненецкий АО, г Тарко-Сале;Тарко-Сале;UTC+5;64.9118803;77.7610236
Ярославская обл, г Гаврилов-Ям;Гаврилов-Ям;UTC+3;57.3091058;39.8546444
Ярославская обл, г Данилов;Данилов;UTC+3;58.1860098;40.1795067
Ярославская обл, г Любим;Любим;UTC+3;58.3620228;40.686841
Ярославская обл, г Мышкин;Мышкин;UTC+3;57.7881684;38.4544224
Ярославская обл, г Переславль-Залесский;Переславль-Залесский;UTC+3;56.7360544;38.8543617
Ярославская обл, г Пошехонье;Пошехонье;UTC+3;58.5062879;39.1208434
Ярославская обл, г Ростов;Ростов;UTC+3;57.2051315;39.4378622
Ярославская обл, г Рыбинск;Рыбинск;UTC+3;58.0485495;38.8584119
Ярославская обл, г Тутаев;Тутаев;UTC+3;57.8674993;39.5369627
Ярославская обл, г Углич;Углич;UTC+3;57.5224249;38.3020044
г Ярославль;Ярославль;UTC+3;57.6215477;39.8977411
